Date,Product_ID,Product_Type,Shift,Operator_Experience_Level,Machine_Usage_Hours,Temperature,Humidity,Previous_Day_Defects,Defects
2024-01-01,P003,Type B,Night,High,11.522921483146641,48.79479554227787,73.10575378912412,7,38
2024-01-02,P001,Type B,Night,High,15.90846504951929,34.34765883727771,87.24198765510243,1,37
2024-01-03,P003,Type C,Night,Low,17.949324463569937,46.874437921156456,73.2836070663773,7,36
2024-01-04,P003,Type B,Night,Low,10.938485343302222,29.66646510333885,81.77283017474474,15,34
2024-01-05,P001,Type A,Morning,Low,4.698586523317779,23.757007112984812,30.126230590553003,4,13
2024-01-06,P001,Type A,Night,Medium,6.5867607063488425,34.23008329718642,73.05432748389566,2,27
2024-01-07,P003,Type A,Evening,Low,4.33377822866461,23.418699041429516,79.77525341191502,11,37
2024-01-08,P002,Type C,Evening,High,14.452208307797282,34.5804650893262,32.43352425268088,12,23
2024-01-09,P003,Type B,Night,Low,9.317034005681743,47.60891543658224,82.29586363729383,12,42
2024-01-10,P003,Type A,Night,High,12.67965817150988,35.623044255026386,45.40165369860275,9,29
2024-01-11,P003,Type C,Evening,Medium,11.892429548540793,38.494991806852504,69.91752611868331,3,42
2024-01-12,P003,Type B,Evening,High,5.304423832838827,24.69915310921425,78.0212927414044,8,28
2024-01-13,P001,Type C,Morning,High,10.452181777981309,21.312068776399084,69.75987078356133,1,30
2024-01-14,P003,Type A,Evening,Low,7.528977998757172,23.32423886539421,35.53708752439543,18,26
2024-01-15,P002,Type A,Evening,Low,10.694396618682443,37.95594727053097,65.7792911316221,0,40
2024-01-16,P001,Type A,Night,High,7.257252485475883,22.85035096976914,62.975019403328616,6,24
2024-01-17,P002,Type C,Evening,Low,17.447238500430934,31.27978669823934,84.0192760844563,16,37
2024-01-18,P002,Type C,Morning,Medium,6.787093385252058,36.502758213744684,54.25438377865255,2,22
2024-01-19,P002,Type A,Evening,Medium,19.37248882379163,31.65958395889541,49.26486582522301,19,45
2024-01-20,P002,Type C,Night,Low,10.654517858351053,24.910514043959044,74.99104586618797,19,41
2024-01-21,P001,Type A,Night,Medium,17.53992467230479,28.213739225423197,54.7605195650038,2,29
2024-01-22,P001,Type A,Evening,Low,14.060237091295122,47.849525985457305,68.76577050030377,2,47
2024-01-23,P002,Type B,Night,High,15.765604778652042,40.27946826759066,68.78700540747641,16,38
2024-01-24,P002,Type C,Morning,High,16.283582209068484,34.8814351603966,83.28234386160707,6,43
2024-01-25,P001,Type A,Morning,Medium,12.077518110288285,20.381446699606805,65.92154413914585,13,30
2024-01-26,P001,Type A,Evening,Low,12.692808373812614,49.77246201468411,60.129216597719214,16,40
2024-01-27,P001,Type C,Evening,Low,12.2239338849396,40.143648046839296,38.33227958379102,17,31
2024-01-28,P003,Type B,Evening,Medium,13.408934049441267,29.50767432034835,36.944256400722324,12,24
2024-01-29,P003,Type B,Night,High,4.470311132104117,46.378059799935144,39.25929391698476,19,35
2024-01-30,P003,Type A,Morning,Medium,10.328242717584244,27.752948608754544,40.31090887962567,19,30
2024-01-31,P002,Type C,Morning,High,13.699019416978745,36.320497375482546,68.27262555981804,17,42
2024-02-01,P003,Type B,Night,Low,13.56357704409383,39.08212291189476,74.4588750164747,3,38
2024-02-02,P002,Type C,Morning,High,16.687297513690105,26.631901143611856,61.79949137558512,0,26
2024-02-03,P002,Type C,Evening,Medium,14.480149421313737,49.35191836401788,79.74106395272946,17,52
2024-02-04,P003,Type A,Evening,Low,19.874133061450756,42.44575717936993,89.475793604018,0,42
2024-02-05,P002,Type B,Evening,Medium,8.54167245773832,36.73439676533209,79.20075774716136,12,38
2024-02-06,P003,Type A,Morning,Medium,9.746416474659704,25.417837945259027,71.69294242055756,19,36
2024-02-07,P003,Type B,Evening,High,10.14155442988474,21.615746209940784,61.9495619662288,19,32
2024-02-08,P001,Type B,Night,Medium,11.453004912323976,29.601794975629502,56.93118430048249,9,34
2024-02-09,P003,Type B,Night,High,17.37596902049935,42.59562007740209,35.06354283267254,10,36
2024-02-10,P001,Type B,Morning,Low,7.772673503347358,28.079938949060754,53.962124903681456,8,25
2024-02-11,P003,Type B,Night,High,16.416003312566872,36.18668661486515,84.60807820692806,8,48
2024-02-12,P003,Type C,Night,Low,10.484962929371894,41.838415301922296,78.48135779439318,4,36
2024-02-13,P001,Type A,Morning,High,13.629686138592136,23.238311439393932,42.96308190070123,0,25
2024-02-14,P001,Type C,Evening,Medium,14.120648531620898,40.558940483476206,57.996467081832954,16,34
2024-02-15,P003,Type B,Evening,High,9.965578195022951,22.756126631301342,79.00339215351268,1,27
2024-02-16,P002,Type A,Evening,High,12.201843283292883,48.95389226380989,34.04307328713135,12,36
2024-02-17,P001,Type B,Morning,Low,10.608498794363152,34.65182390194819,53.243555140119554,8,45
2024-02-18,P002,Type A,Night,Medium,5.106124578985911,24.52028323129632,81.11047421243686,3,28
2024-02-19,P002,Type C,Evening,High,10.994646221069225,30.271509081006393,54.23387185020742,4,34
2024-02-20,P002,Type A,Evening,Medium,5.558294280856835,32.40249347885784,34.656878683886454,10,21
2024-02-21,P001,Type A,Morning,High,10.480332785285144,42.74555033229612,62.552062111935086,18,36
2024-02-22,P002,Type A,Evening,High,13.48669439730851,42.30271358229828,81.70454969509771,2,48
2024-02-23,P001,Type A,Morning,Medium,13.270638389496012,38.358215160119926,65.41713257718959,11,30
2024-02-24,P002,Type A,Night,High,14.601940464133126,23.17792137675479,43.57674649285391,18,21
2024-02-25,P003,Type B,Morning,Medium,5.524184127274021,24.54708114763021,53.05437720824288,18,26
2024-02-26,P003,Type A,Morning,High,14.433971928487006,22.812707619366698,57.00740167091593,12,33
2024-02-27,P001,Type A,Morning,Low,8.994368907143153,37.3151834986265,64.75598122923161,6,34
2024-02-28,P003,Type C,Morning,Medium,10.384735138193777,46.31415324534212,75.56106154515678,14,42
2024-02-29,P003,Type A,Night,High,17.727780062763294,33.014015367643154,35.932417058438126,6,27
2024-03-01,P002,Type C,Night,High,4.144486466072804,24.825445218732387,83.37912198105398,7,35
2024-03-02,P001,Type B,Evening,Low,13.414602133449687,36.74126975446901,30.738582180964535,4,10
2024-03-03,P002,Type A,Night,Medium,13.579423681601721,44.352566505971296,52.20314008045531,13,31
2024-03-04,P002,Type C,Night,High,10.346556421496992,42.251361845387905,31.64521859835946,3,25
2024-03-05,P002,Type C,Evening,Low,7.792445713733379,46.44352339025065,53.578453520717474,9,36
2024-03-06,P002,Type B,Night,High,7.754784612184817,28.337062917466035,61.54875593239943,19,38
2024-03-07,P002,Type A,Morning,Medium,18.139354714572043,25.818616018033246,60.70088319489071,14,29
2024-03-08,P002,Type A,Morning,High,11.07238998052572,46.39449457825816,39.93770082169592,17,39
2024-03-09,P002,Type C,Evening,High,9.294229807826751,39.726809383340694,68.74443060573674,19,34
2024-03-10,P001,Type A,Evening,High,11.180441181302449,29.327867900226625,32.68670703028009,12,23
2024-03-11,P003,Type C,Evening,High,14.710246423349782,42.27044151717527,75.71440920794493,7,42
2024-03-12,P002,Type A,Morning,Low,6.332105091916027,44.453551534411034,86.79866603961278,8,38
2024-03-13,P002,Type C,Night,Low,11.190941363419803,38.44934721023397,50.38612962906707,15,37
2024-03-14,P002,Type A,Morning,Medium,13.406149937766191,40.636523296397456,61.03436290285991,18,34
2024-03-15,P002,Type B,Evening,Low,19.17733367762294,31.25779713327999,52.73461668352886,15,31
2024-03-16,P002,Type A,Night,Low,8.040444513206708,36.16087002029117,30.402623418243596,6,28
2024-03-17,P002,Type A,Night,Medium,9.748011966659929,35.724775121784866,53.15247017370696,13,27
2024-03-18,P003,Type B,Morning,Low,10.06973743875878,45.441433733923155,77.50321555568078,13,41
2024-03-19,P003,Type A,Evening,Low,13.688610522318125,45.19891940846548,65.75933053100891,3,28
2024-03-20,P002,Type B,Morning,Medium,9.707712848640027,44.98041408041129,36.075594876909534,14,38
2024-03-21,P003,Type A,Night,Medium,12.53619080479513,20.330948427873974,80.82836938162711,2,38
2024-03-22,P001,Type C,Morning,Medium,16.508645277520472,42.48636453406665,61.86512069311457,4,49
2024-03-23,P002,Type C,Morning,High,15.286169505795257,42.76029170333015,80.50340170468056,0,46
2024-03-24,P001,Type A,Evening,High,11.141898344201369,40.351364685654254,64.81329112710176,2,28
2024-03-25,P001,Type A,Evening,Medium,17.827458842786704,42.68793973674357,63.58130669027639,14,42
2024-03-26,P002,Type A,Night,Medium,12.930243993501806,45.25911114490126,36.315551111820746,7,25
2024-03-27,P003,Type C,Morning,Medium,12.6384934320354,34.10957162305357,40.041583988317676,3,34
2024-03-28,P001,Type A,Morning,High,4.547004255026531,35.061506404653414,88.32151538979547,1,29
2024-03-29,P002,Type C,Morning,High,19.787087685714585,23.741421707341715,43.70920480528625,9,22
2024-03-30,P001,Type B,Night,Low,5.9675329364740275,31.561276491420855,88.64712707942208,3,27
2024-03-31,P001,Type C,Night,Low,7.698094598842346,39.30095539735353,61.9147623914558,2,28
2024-04-01,P001,Type C,Evening,Medium,4.827149395864431,43.41199328441824,38.147342823836226,1,21
2024-04-02,P001,Type B,Evening,High,14.24004746939062,26.516272930736317,35.95813216522158,16,20
2024-04-03,P003,Type C,Evening,High,7.59521883156288,24.13468697477706,42.5318442423444,19,35
2024-04-04,P001,Type A,Morning,High,6.880166999563576,39.89126013501477,85.53823980152015,12,41
2024-04-05,P001,Type A,Morning,Medium,5.416889347571862,20.05639650574732,54.84901345969361,4,25
2024-04-06,P001,Type C,Evening,Low,5.652943313984251,25.351177529219896,53.72605607957486,8,33
2024-04-07,P003,Type A,Morning,Medium,13.35473120708142,20.872141410318612,48.79237566421044,5,26
2024-04-08,P001,Type C,Evening,Low,15.011325853865527,25.006553535646127,38.8237110339953,4,20
2024-04-09,P001,Type A,Night,Low,10.358063815430416,25.439578397765157,59.27107183154439,9,20
2024-04-10,P003,Type A,Evening,Medium,11.678353305473172,31.630207842511826,37.80286695066832,7,21
2024-04-11,P003,Type C,Night,Low,14.975483775727746,32.06981374059668,80.12881418293966,6,44
2024-04-12,P003,Type A,Morning,Low,4.278076642967674,46.227874118307135,52.22381917651839,6,24
2024-04-13,P001,Type C,Evening,High,9.170090513124457,35.30329137496476,52.48821406690778,5,30
2024-04-14,P003,Type A,Morning,Low,19.569563969125543,41.70214296836859,58.44038570898935,19,44
2024-04-15,P003,Type A,Night,Medium,13.281795675127489,23.124120737608624,56.6476627899451,2,28
2024-04-16,P001,Type B,Night,Medium,8.067593278359892,26.763162663910816,89.69147838355929,18,39
2024-04-17,P003,Type B,Night,Low,12.34768074617941,41.08830322936031,62.72286727309815,14,39
2024-04-18,P001,Type C,Morning,High,9.482455809934645,21.58411881405584,35.29210222739224,3,22
2024-04-19,P002,Type B,Morning,High,12.515919821220786,34.597929867312594,66.4126404946158,11,42
2024-04-20,P003,Type C,Morning,Low,6.011864188906381,37.981068969888014,39.0950575721928,5,19
2024-04-21,P002,Type B,Morning,Low,6.123434461108438,38.06436932157443,31.85625868388052,18,27
2024-04-22,P001,Type A,Night,Medium,6.296677792630286,20.68798433804126,88.24452922063489,3,22
2024-04-23,P003,Type C,Night,Low,19.03711667082947,29.663240126875564,76.41233349207383,14,28
2024-04-24,P001,Type C,Evening,High,15.726382693461469,39.094719531474624,88.80653954482602,8,41
2024-04-25,P002,Type A,Evening,Low,6.598110314597134,24.469992084477305,58.67270688133455,4,28
2024-04-26,P001,Type C,Morning,Medium,7.013585340249623,40.8624694498416,61.93545186893857,12,41
2024-04-27,P003,Type C,Night,Medium,15.693271597934022,42.37775626441024,40.10021735514781,17,45
2024-04-28,P003,Type B,Night,Medium,6.498621516674783,49.45907571338436,44.81444560005514,4,36
2024-04-29,P002,Type C,Night,Medium,7.752980693357259,26.295259845692282,80.31295289416968,15,38
2024-04-30,P001,Type A,Evening,Medium,19.413549325126382,44.753920029983455,51.371138827055645,18,38
2024-05-01,P003,Type B,Evening,Low,8.08490439565491,35.60889730755962,79.60889842778514,13,29
2024-05-02,P002,Type B,Night,Low,14.586117605938348,31.203877884325202,72.5408234572219,15,36
2024-05-03,P003,Type A,Night,Low,19.65810059840849,23.67130271975534,40.630255516311934,14,34
2024-05-04,P003,Type A,Night,Low,9.988748274236682,42.065168194626125,60.44678196718453,3,37
2024-05-05,P001,Type B,Evening,Medium,4.280255853792996,27.075727974310613,70.64323929112301,6,22
2024-05-06,P003,Type C,Night,High,7.906356646757988,31.142660056191374,44.10223288822951,15,30
2024-05-07,P001,Type B,Night,Low,17.294035061467287,21.876266806921052,79.8413106312046,7,37
2024-05-08,P003,Type A,Morning,High,17.83374137528059,44.04100747458557,62.68965945271121,16,41
2024-05-09,P002,Type B,Morning,Low,16.296309832380658,42.9976557191493,39.914523026556196,15,32
2024-05-10,P003,Type A,Evening,Low,5.809757105225168,42.00847490126937,64.97906556987616,9,36
2024-05-11,P001,Type B,Night,High,16.72816594714245,28.9833053147566,89.98282824935484,9,43
2024-05-12,P001,Type C,Night,Medium,18.69884475189607,25.20440222797872,39.031289499804814,1,22
2024-05-13,P002,Type B,Morning,Low,13.609752680739778,39.1265979341069,79.00541580717169,8,41
2024-05-14,P003,Type B,Evening,Low,19.05400570140904,34.884991523396586,42.43854019125348,16,31
2024-05-15,P003,Type A,Morning,Low,17.22942213939004,25.347574007139247,76.94329976760524,10,28
2024-05-16,P002,Type A,Morning,High,14.671544271854517,40.57733813149591,74.0746753872848,9,36
2024-05-17,P003,Type A,Morning,Medium,13.23496378738797,49.733792954639114,48.02936313602594,16,28
2024-05-18,P003,Type B,Morning,High,9.577178675871528,42.41658763226113,49.549387053866994,3,34
2024-05-19,P001,Type C,Night,High,6.548599123884882,42.199591600568354,77.55128351777515,15,39
2024-05-20,P003,Type A,Night,Medium,13.679262763048653,48.509382587917756,57.68673071323876,19,36
2024-05-21,P003,Type A,Morning,High,9.089784857889912,26.088091027247067,73.84908172270852,14,40
2024-05-22,P002,Type B,Evening,Medium,17.863018680442327,36.96649894764321,38.87904884195009,4,29
2024-05-23,P002,Type A,Evening,Low,19.893390997738056,49.389401451016504,81.1534669140932,5,37
2024-05-24,P001,Type C,Evening,Medium,16.03884420184916,24.958823329105236,72.65308300093915,16,33
2024-05-25,P003,Type C,Evening,Low,5.447707124592812,41.007558783335625,84.41656853009003,0,44
2024-05-26,P003,Type A,Morning,High,8.61896952849021,37.574304379157056,37.94234274209835,18,24
2024-05-27,P003,Type A,Night,High,5.745754108251996,37.594372765661205,65.58087002163586,3,32
2024-05-28,P001,Type B,Evening,Low,14.408186364667452,40.93011882560225,65.94723510241951,16,41
2024-05-29,P001,Type C,Morning,High,16.243053832892556,47.88850768627053,51.207644432806944,8,38
2024-05-30,P002,Type C,Evening,Medium,18.810797294091387,43.47745819554014,57.50798547415547,1,47
2024-05-31,P001,Type A,Evening,Low,11.010757542591803,21.6840831024863,32.278893797391206,7,14
2024-06-01,P003,Type B,Morning,High,18.422010393415107,45.581840596271334,74.75160231762072,14,37
2024-06-02,P003,Type C,Night,Low,18.046258544661242,26.766239897771978,62.959348764190445,6,26
2024-06-03,P001,Type C,Night,Medium,9.075131468246378,31.30742494209116,33.464463112150426,5,21
2024-06-04,P003,Type B,Morning,Medium,17.902410008649134,33.851984408371464,70.84535357762914,0,41
2024-06-05,P003,Type B,Night,High,10.010756030107624,34.42718002259209,58.00692463387128,14,26
2024-06-06,P001,Type C,Morning,Medium,8.749908392964493,33.055411977660704,32.0676755655,6,28
2024-06-07,P001,Type C,Morning,Low,14.38519454071029,48.120598826475934,88.17646361088572,16,46
2024-06-08,P003,Type B,Morning,Medium,9.254099646161297,41.18057022992073,86.94672858536643,1,32
2024-06-09,P003,Type C,Night,Low,14.083339973266307,38.93511937870119,60.774144968831855,8,25
2024-06-10,P003,Type A,Morning,Low,13.757308887979113,21.495260833488246,35.62034524235461,8,15
2024-06-11,P002,Type A,Evening,Medium,13.01502283757534,47.11739990781124,75.2772732959155,12,37
2024-06-12,P002,Type B,Night,High,10.086715267724763,47.28170576025188,59.51586600634374,5,33
2024-06-13,P002,Type B,Night,Medium,12.775995546423628,43.40639190290307,48.1468486973628,5,38
2024-06-14,P001,Type B,Night,Low,13.543767599766745,20.210876114408574,59.485090651713406,19,34
2024-06-15,P002,Type A,Night,Low,12.730990215927575,21.7184075323287,61.34664872432786,19,27
2024-06-16,P001,Type C,Evening,Medium,11.110711244019225,26.756711068054692,63.76270194134035,2,31
2024-06-17,P001,Type A,Night,High,4.234672912740221,23.9404822443472,56.473422819319595,16,34
2024-06-18,P002,Type C,Night,High,13.392987323218415,31.96508089111188,66.3453181883434,16,44
2024-06-19,P002,Type A,Morning,Low,6.695110162283514,47.67869174263369,85.12408263638264,11,39
2024-06-20,P002,Type C,Night,Low,14.281215503155034,34.16181302590995,51.736085225915474,15,37
2024-06-21,P003,Type A,Evening,High,16.149509246765856,20.402078792964968,73.54298779319694,14,41
2024-06-22,P002,Type B,Evening,Medium,12.007124946091864,28.48237068736286,83.66715340945393,12,29
2024-06-23,P003,Type A,Evening,Low,12.677818639675813,21.337847251188848,57.358756545596215,0,23
2024-06-24,P001,Type C,Evening,Low,19.22365695465586,21.088628678405065,56.607350182914246,16,42
2024-06-25,P003,Type A,Night,High,17.55467778196119,28.271595592866568,66.12701912128676,2,31
2024-06-26,P002,Type A,Night,Medium,18.627784255223517,28.268370160368363,65.48440556534928,14,20
2024-06-27,P001,Type A,Evening,High,17.020260613113383,43.61379807804812,78.39536053957661,3,39
2024-06-28,P001,Type B,Evening,Medium,5.742693469547703,49.24503958343335,58.58900302669756,3,38
2024-06-29,P001,Type A,Night,Medium,6.383869695523115,31.13621281669995,89.76737697836647,17,38
2024-06-30,P003,Type B,Evening,Medium,12.425980756303353,32.86660636583116,33.56829413203685,16,30
2024-07-01,P002,Type B,Morning,Low,7.937114540767972,45.34368308858065,30.190070914842103,18,33
2024-07-02,P001,Type A,Evening,High,11.627127600658547,28.0441706028654,68.41189869357743,10,30
2024-07-03,P001,Type A,Evening,High,10.309845181093603,24.691454132103438,47.9060947417126,19,25
2024-07-04,P001,Type A,Morning,Medium,12.790627814887253,45.59268870210951,44.42294332196903,2,31
2024-07-05,P003,Type C,Morning,Low,15.950011458173163,21.395017593201963,48.713944800256826,7,27
2024-07-06,P003,Type A,Night,Low,15.447854513588391,38.59098320598247,45.36285390629726,13,32
2024-07-07,P002,Type B,Night,High,12.33974611976535,36.8597854240042,31.84740297962687,0,24
2024-07-08,P003,Type A,Morning,Low,17.15829470107293,30.37761342505083,88.29198254343532,13,37
2024-07-09,P001,Type C,Morning,Low,10.893793464608533,29.45568563292077,43.24472930716691,1,28
2024-07-10,P002,Type A,Night,Medium,18.347428637441958,43.15573178544864,74.04178575535838,3,42
2024-07-11,P001,Type C,Evening,Low,5.1404843208826225,22.592738322876393,75.75578368165051,18,25
2024-07-12,P001,Type C,Morning,Medium,19.27456048053292,27.10352927934156,85.75544388043376,5,36
2024-07-13,P003,Type A,Night,High,14.475089302901571,41.973461955142696,31.8329674256028,0,27
2024-07-14,P002,Type B,Evening,Low,10.081192142995285,36.449617511792724,82.32290030682046,16,36
2024-07-15,P003,Type C,Morning,High,7.1544660251660375,23.83964625600759,61.63357085038801,7,30
2024-07-16,P003,Type A,Evening,High,11.666931671097599,46.4640684284618,67.95264659794967,18,39
2024-07-17,P002,Type A,Night,Low,7.112933170964816,31.803435396907744,68.66821662726201,0,30
2024-07-18,P001,Type B,Morning,Low,6.661305723890274,44.83605125966518,79.18786829908365,4,35
2024-07-19,P001,Type C,Evening,High,13.877628118607587,43.63139046583126,50.00443932954663,15,24
2024-07-20,P002,Type C,Morning,Low,12.369355593308555,38.732763394151846,73.9830713915996,5,26
2024-07-21,P001,Type A,Evening,Medium,14.721536553775067,34.83443393885279,61.714686583331826,7,36
2024-07-22,P002,Type A,Night,Medium,18.87369403875183,49.38652521145271,77.60364085832086,12,46
2024-07-23,P002,Type B,Night,Low,12.516163413424643,24.34895217139451,89.432761966208,15,40
2024-07-24,P003,Type B,Morning,High,13.294912852204764,41.75467182653344,42.039061044225676,2,29
2024-07-25,P002,Type C,Evening,Low,5.434021426479074,25.73572104394367,89.67891849359987,18,37
2024-07-26,P003,Type C,Morning,Low,15.482172574538072,30.14789315997045,35.38872925696644,11,31
2024-07-27,P001,Type A,Morning,High,10.3984833088665,29.260962301195857,30.139052874288833,15,26
2024-07-28,P001,Type C,Evening,High,19.627603818601262,48.41107963216169,32.649716170669876,10,38
2024-07-29,P001,Type B,Evening,Medium,17.170784249530563,49.02068533364826,50.5069442842057,9,37
2024-07-30,P001,Type B,Evening,High,12.359696648257893,25.490463327041816,67.97437984070605,19,32
2024-07-31,P003,Type A,Night,Medium,5.971562466754657,20.661054808925126,34.141772453270974,3,19
2024-08-01,P001,Type B,Morning,High,17.750652692489425,41.600241189893396,30.339948871774038,11,25
2024-08-02,P002,Type B,Morning,Low,16.796497526784346,32.53969801611453,86.22546170752769,1,36
2024-08-03,P002,Type B,Night,Medium,6.953362072592528,22.665207352626933,79.31559815639578,18,34
2024-08-04,P002,Type B,Evening,Medium,8.724452627524961,40.512623167311276,78.55099026834186,4,37
2024-08-05,P003,Type A,Night,Medium,16.694516130365397,36.35316584782099,83.06545653011862,7,39
2024-08-06,P001,Type A,Night,Low,6.963655144758555,49.41550466003318,72.00205636632626,6,30
2024-08-07,P001,Type C,Night,Low,18.684039826742037,26.82228487584137,36.26424778488489,13,30
2024-08-08,P001,Type B,Morning,Low,10.79243880314179,32.11933628979645,53.946011284423385,2,32
2024-08-09,P003,Type C,Night,Low,5.392623401402538,36.276374101862686,73.38896918787776,17,43
2024-08-10,P002,Type A,Morning,Low,17.051978296068494,43.750999653600545,46.82006764749126,15,37
2024-08-11,P002,Type A,Morning,Medium,9.976154928614202,36.46515970160176,71.24438184817426,18,36
2024-08-12,P001,Type A,Morning,Low,12.423987106460496,38.387004825858476,31.46990689605914,18,23
2024-08-13,P002,Type A,Evening,Medium,5.796869510579507,26.784411547698223,48.368240452775595,17,33
2024-08-14,P002,Type A,Morning,Low,4.041344237519718,45.40756184265679,62.94782017663036,19,36
2024-08-15,P003,Type A,Morning,High,14.207763292692762,32.85891640911427,67.92538977037454,15,36
2024-08-16,P003,Type A,Evening,Medium,12.242802725339706,24.228788825653076,64.62243986771465,7,28
2024-08-17,P003,Type B,Morning,High,13.496617105970355,39.92563743516252,71.86537656440578,0,34
2024-08-18,P003,Type C,Night,Medium,16.69990160608826,26.482713595559225,30.365324894390344,16,29
2024-08-19,P001,Type A,Night,High,14.345694614765762,22.926875307178992,36.05647199865129,11,19
2024-08-20,P003,Type B,Morning,Low,6.796375085238035,45.85960725212817,82.1366551367487,10,47
2024-08-21,P002,Type B,Evening,Low,9.772360305769597,33.80486793465319,70.90491864540968,4,40
2024-08-22,P001,Type C,Night,Low,18.494257676604164,42.47851138087329,36.77589856116068,11,30
2024-08-23,P002,Type A,Evening,Medium,16.319115204026865,28.71762679419065,80.52446624391476,16,34
2024-08-24,P002,Type C,Evening,High,12.906192926987476,43.60910404752999,44.53387306947401,5,20
2024-08-25,P002,Type A,Night,Low,8.090319964948357,23.35807781064591,58.69559305171341,0,19
2024-08-26,P003,Type B,Evening,High,8.83296802935672,30.67920121384558,38.71179077307961,4,27
2024-08-27,P003,Type B,Night,High,15.711329081370152,49.341854539205855,72.6066033853024,13,43
2024-08-28,P001,Type B,Evening,Low,17.618788173644333,43.81969149104018,70.01126526085608,4,41
2024-08-29,P001,Type B,Night,Low,14.74279471248983,34.91767790944064,42.66674826996817,0,18
2024-08-30,P003,Type C,Morning,High,16.95247961229507,30.193324146856554,81.80404601142011,17,38
2024-08-31,P002,Type A,Night,Low,16.266498163206496,46.1640710006743,54.07836145318273,15,44
2024-09-01,P001,Type A,Night,Low,6.395263487311324,36.345432772535474,47.55090546424451,8,26
2024-09-02,P003,Type C,Night,Low,10.783117006612832,42.752750536073336,39.139775367872126,18,24
2024-09-03,P003,Type A,Night,Medium,6.447740813257003,42.62323040948492,45.97008075093225,4,27
2024-09-04,P003,Type B,Evening,High,7.763769356831757,20.538370357054756,31.32161527342902,1,13
2024-09-05,P002,Type A,Morning,High,17.908153994416843,23.787613483778404,64.99544954736693,14,35
2024-09-06,P003,Type B,Night,Medium,11.566271450130914,39.78888099184226,80.53384478063688,6,38
2024-09-07,P003,Type C,Evening,High,12.565729629482574,24.84859433857614,62.93882696649851,3,32
2024-09-08,P003,Type A,Morning,Low,6.855135443644354,27.66480033966814,43.156437715432546,0,16
2024-09-09,P003,Type C,Morning,High,8.996348576780736,48.399138625988215,32.02015069283236,12,26
2024-09-10,P001,Type A,Morning,Low,7.683938694845919,36.805467751247356,42.87768439552817,19,34
2024-09-11,P001,Type B,Morning,Medium,7.298978632294823,42.52188520998041,54.96728568426554,6,24
2024-09-12,P003,Type C,Night,Low,14.207372693055522,36.7394221634792,75.57668572198779,14,33
2024-09-13,P002,Type A,Night,High,8.110141562331437,36.575408443481756,41.27057115226645,13,28
2024-09-14,P001,Type B,Evening,High,14.112247776326695,22.824557303770938,73.18748720128116,18,36
2024-09-15,P003,Type C,Evening,High,4.9352738257368625,30.30989577827309,82.01600810111302,19,33
2024-09-16,P001,Type C,Evening,Medium,6.26839029643363,28.472926960595352,57.236810886501424,17,27
2024-09-17,P001,Type A,Morning,Medium,8.392644064002006,31.721850968408397,79.2859194985556,9,37
2024-09-18,P002,Type A,Morning,High,13.552750670331067,43.95032564672985,63.27944088210573,8,40
2024-09-19,P003,Type A,Night,Low,14.813459921398016,31.157980037505943,68.2254502248543,7,28
2024-09-20,P003,Type B,Morning,Medium,11.083471468472434,33.55090457695048,61.57670762029216,9,34
2024-09-21,P002,Type A,Morning,High,11.132654633235664,31.921441714559496,57.79036300508051,16,39
2024-09-22,P002,Type C,Morning,High,15.59226962237789,22.802239159258868,44.07920650655096,1,24
2024-09-23,P003,Type C,Evening,Medium,4.253137468249319,33.23216474752351,48.191643567662766,5,19
2024-09-24,P003,Type A,Evening,Medium,9.457440391587529,25.86827819133545,47.39820713661654,4,19
2024-09-25,P002,Type A,Night,Medium,17.099312913907724,25.601698873191246,63.79733585722888,8,31
2024-09-26,P001,Type C,Morning,Low,13.651510563413956,22.82108313302799,37.197221581433396,4,28
2024-09-27,P001,Type B,Morning,Low,9.395634124086726,30.70012922425294,85.00750144214011,17,37
2024-09-28,P002,Type A,Night,High,18.488396677274782,42.72445654368252,73.2393087169868,19,43
2024-09-29,P001,Type A,Morning,Medium,16.361963639190122,28.293250717501884,54.08673785479162,8,25
2024-09-30,P002,Type C,Morning,Low,8.238327155787735,29.37047305656541,39.51744867158268,16,30
2024-10-01,P001,Type A,Evening,Medium,14.32463740041147,39.28023973017271,82.91953018329815,16,36
2024-10-02,P001,Type B,Night,High,13.532011651023307,25.875224377607566,79.42668540606991,11,33
2024-10-03,P003,Type C,Night,Low,10.419006624623723,46.90873791270603,73.30329316303076,6,41
2024-10-04,P003,Type A,Night,Low,9.87129726727681,35.605715697546636,46.292822844674546,2,16
2024-10-05,P001,Type C,Night,Low,9.496967596411263,33.42808820960651,54.14679824602014,9,30
2024-10-06,P001,Type A,Evening,High,13.874492534330349,36.73460575787604,36.1648951471454,1,21
2024-10-07,P003,Type A,Evening,Medium,11.078558983690712,24.981029402485863,41.3423714836519,2,23
2024-10-08,P003,Type A,Morning,Low,17.309809812022753,38.40419415917529,76.98099823900398,15,39
2024-10-09,P003,Type B,Morning,High,14.71364185814339,30.893022099020314,72.90232313104103,1,44
2024-10-10,P002,Type B,Morning,Medium,5.118905691350946,46.91559022893857,65.60914577855608,9,32
2024-10-11,P001,Type C,Morning,High,14.242691581250657,25.065626200330584,83.74360355557037,5,44
2024-10-12,P003,Type A,Evening,Medium,8.338358984002957,35.211533115963235,64.99599106878273,10,35
2024-10-13,P001,Type A,Night,High,13.484991866454763,37.943378881070544,58.01807999781664,6,28
2024-10-14,P002,Type B,Evening,Medium,14.882110897655222,21.001508053591436,50.42224477834576,14,29
2024-10-15,P002,Type A,Morning,Low,7.693267026464193,30.910793742684206,86.42691034417035,5,33
2024-10-16,P003,Type B,Evening,Medium,11.309738318085898,41.97905704102499,34.96292769146121,19,31
2024-10-17,P002,Type A,Night,High,7.045197805105085,44.611325223469194,85.8532423236485,8,36
2024-10-18,P001,Type C,Night,High,4.837422012584133,29.39485984451847,79.6028795958611,19,43
2024-10-19,P003,Type A,Evening,Medium,10.055622775773905,43.95779817148254,37.795795472142075,11,33
2024-10-20,P001,Type A,Evening,Low,9.807108349535872,49.03267631310166,63.89906146051521,18,38
2024-10-21,P001,Type B,Evening,Low,19.92768785126811,45.706218082252825,81.99287890494521,19,55
2024-10-22,P002,Type A,Morning,Medium,11.141637619162275,23.529319644779754,64.30854981642922,2,28
2024-10-23,P002,Type A,Evening,Medium,9.337112791555207,42.191909962566214,84.43198929363734,14,46
2024-10-24,P002,Type B,Evening,High,13.287600107466794,29.59000497321634,86.57902900896255,1,36
2024-10-25,P002,Type C,Evening,Low,5.420278305724295,49.6524796823623,55.343071331058354,1,33
2024-10-26,P002,Type C,Night,Medium,19.38665177527701,34.56076949479662,52.63881968437941,2,31
2024-10-27,P003,Type B,Night,Low,14.15936072945653,23.67301695076823,86.1792692381494,5,36
2024-10-28,P001,Type B,Morning,Medium,16.077405119053566,41.755566440821724,70.5084036689801,14,40
2024-10-29,P001,Type B,Morning,Medium,6.727647010782681,29.690335951586416,36.961360880890155,9,19
2024-10-30,P001,Type B,Night,Low,10.551645648083262,49.91234471244985,32.53750495336087,8,27
2024-10-31,P001,Type B,Night,Medium,10.763025814339032,49.39347373563565,63.87774305983579,0,34
2024-11-01,P002,Type C,Night,Medium,17.14890310241739,39.684020540617425,85.81025792630547,15,44
2024-11-02,P001,Type C,Evening,High,4.019786876150551,23.894793468551526,80.6549221443491,5,30
2024-11-03,P003,Type B,Evening,Medium,8.813649733652081,40.60582993025087,70.55086478786018,8,41
2024-11-04,P003,Type A,Night,Medium,19.699781989508864,22.790914593800817,38.34695093346525,3,29
2024-11-05,P001,Type B,Evening,Medium,11.598184696099498,20.88092477307177,45.253883024921734,1,21
2024-11-06,P001,Type A,Evening,High,10.120420483904132,44.68875338664458,82.53067359315696,3,46
2024-11-07,P003,Type B,Morning,Low,5.9172640322823415,26.292588430510442,40.96843419941403,0,30
2024-11-08,P003,Type B,Night,High,19.586634058048247,31.370813786572924,46.70636449502607,18,22
2024-11-09,P002,Type C,Night,High,4.3204216948131915,49.2037216992852,37.776039071726515,9,32
2024-11-10,P003,Type A,Evening,Low,15.79488360011589,30.1052150558331,70.56649388486467,14,32
2024-11-11,P002,Type A,Night,High,16.297596876616133,28.89469343849946,86.63893832179258,18,44
2024-11-12,P002,Type C,Morning,Low,7.898507457021866,47.546239988683254,46.13808189572316,15,38
2024-11-13,P002,Type C,Morning,High,14.744935097808597,23.322453359568744,58.52439647100442,3,24
2024-11-14,P002,Type C,Morning,Low,5.486866310070239,42.78747230343895,68.06038438267225,1,23
2024-11-15,P002,Type C,Night,Medium,8.112756262913278,49.64196699958322,89.96797489293783,12,47
2024-11-16,P001,Type A,Night,High,16.60643181267624,47.03888032323947,36.28848389985433,0,31
2024-11-17,P003,Type A,Night,High,17.834979072536644,39.55003756119278,59.91424797034255,16,29
2024-11-18,P002,Type B,Night,High,13.735782602556661,29.42182384978196,53.10720719415001,12,43
2024-11-19,P003,Type B,Night,High,12.109414909127722,27.629659435349502,81.9492099133413,3,37
2024-11-20,P003,Type C,Morning,Medium,6.548864329903685,44.57765314614383,58.558063860699356,6,35
2024-11-21,P002,Type C,Evening,High,5.009744529266403,46.394657418550864,36.65865147510888,16,35
2024-11-22,P001,Type C,Morning,Medium,5.882384455576938,35.763047376370785,68.06544871719501,8,29
2024-11-23,P002,Type B,Night,Medium,7.6377168015375805,27.330198223593985,76.24683709583279,3,32
2024-11-24,P001,Type B,Morning,Medium,9.466792030350733,23.388296252335206,30.172875099936874,18,15
2024-11-25,P003,Type B,Night,Medium,10.094552408175796,22.615384034954936,81.53740112523778,0,28
2024-11-26,P001,Type B,Night,Low,9.541148297424057,41.57232342061567,41.16138000033994,9,30
2024-11-27,P001,Type B,Morning,Low,7.82488531515625,32.60356183543175,63.124161879202674,3,21
2024-11-28,P001,Type B,Night,High,12.15558794802717,47.16079622833611,54.94785004124701,8,31
2024-11-29,P003,Type B,Evening,Low,17.20457773172635,42.190139021802906,73.17922899663182,12,36
2024-11-30,P003,Type C,Night,Low,8.475256615543667,25.737812537437602,52.269696887144505,13,27
2024-12-01,P001,Type C,Evening,High,19.07819230563573,38.413322564470974,82.18579060090265,9,44
2024-12-02,P001,Type C,Evening,High,17.973386587581565,33.065163631944785,73.8297816575274,5,40
2024-12-03,P002,Type C,Night,High,6.588227381633754,37.31749192305839,68.86279026377528,15,39
2024-12-04,P001,Type B,Morning,Low,16.580415308113512,42.142073700155514,77.77443573377126,5,47
2024-12-05,P002,Type A,Evening,Low,13.193398117084266,44.18587643011372,75.24138209570293,16,44
2024-12-06,P001,Type B,Morning,High,13.065205794742697,45.31211979220173,32.1563204952932,9,38
2024-12-07,P002,Type A,Evening,Medium,10.25668420893079,27.61924623716074,53.68406123068969,17,30
2024-12-08,P003,Type C,Night,High,12.018447986912156,20.93346799752073,85.84843783898938,17,35
2024-12-09,P001,Type B,Night,Medium,10.354860438867377,42.178842054943196,37.543456139533575,2,30
2024-12-10,P001,Type C,Evening,Medium,12.635721900159085,23.190311787673238,74.22579302592308,19,33
2024-12-11,P001,Type B,Night,High,14.047200844362173,29.44758765838903,88.47550868011979,14,49
2024-12-12,P001,Type C,Evening,High,14.788860902544775,20.114514023730415,33.1319177426983,14,29
2024-12-13,P002,Type A,Night,High,12.519699080950819,40.4500844720486,70.93163283759662,3,39
2024-12-14,P001,Type A,Morning,Low,15.542753077259707,25.01396034413664,58.08924847806182,8,31
2024-12-15,P003,Type A,Night,Medium,6.260448788408093,39.65847229074974,64.75051532248332,18,32
2024-12-16,P003,Type B,Morning,Low,7.3917198544358165,49.752278515035165,35.12048018905949,16,33
2024-12-17,P001,Type A,Night,Low,17.09976006518832,22.180126148300488,32.58041711201637,10,18
2024-12-18,P003,Type B,Morning,High,9.160447645542643,22.31234035854382,70.0119996330553,8,37
2024-12-19,P001,Type A,Night,Low,4.366301199617924,30.21140278000025,79.39856578924307,9,32
2024-12-20,P001,Type A,Morning,High,6.4606583946884975,45.99159542754026,76.92092009597803,17,41
2024-12-21,P003,Type B,Evening,Medium,7.57783095194098,26.465896063739955,62.62834367197424,19,26
2024-12-22,P001,Type B,Evening,High,19.317166206313395,30.811334597910427,35.99200926817069,12,32
2024-12-23,P003,Type A,Morning,Low,13.168662862893589,22.055162198809388,71.28266663016083,7,29
2024-12-24,P002,Type B,Night,Low,18.923691847620077,42.894658737766676,44.513333013248754,6,36
2024-12-25,P001,Type A,Morning,High,13.202613607945999,32.24919028278353,84.66412216604301,16,43
2024-12-26,P002,Type B,Night,High,11.669671042205628,42.777461991825284,80.29592157274229,14,37
2024-12-27,P003,Type C,Evening,Low,9.019643059105537,47.10823533040386,72.56297802524345,19,34
2024-12-28,P002,Type C,Night,Medium,13.70193511093401,26.982894413038665,86.93075734986783,14,46
2024-12-29,P002,Type C,Evening,Medium,6.227168393880477,44.221880910198536,31.885309290676375,0,23
2024-12-30,P003,Type C,Night,High,18.372186036683296,21.772816702347598,74.17202550364573,13,36
2024-12-31,P002,Type C,Night,Medium,17.269318482260537,46.96542164540742,49.81456676018432,4,37
2025-01-01,P002,Type A,Night,Low,9.080503166027793,39.52305642676242,84.36395314118192,10,32
2025-01-02,P003,Type C,Morning,High,19.24476044162071,46.22680172415055,46.00051179971865,15,38
2025-01-03,P002,Type C,Morning,Low,17.20321227864909,20.00565198669746,73.49138995890102,1,32
2025-01-04,P003,Type C,Evening,Low,14.660910173360636,25.072432110679777,82.65882117904688,7,32
2025-01-05,P002,Type C,Evening,Medium,5.948190578004397,31.69278162279476,32.499409102960946,10,16
2025-01-06,P003,Type B,Morning,High,11.651744368769156,31.38508710124156,53.85885477552217,17,34
2025-01-07,P003,Type A,Evening,High,12.097720877548014,26.80191148770532,75.73854192131631,2,38
2025-01-08,P002,Type C,Morning,Medium,7.720821733846082,31.448358196016002,57.295133370455225,0,28
2025-01-09,P002,Type C,Night,Low,5.279446309748831,23.865461360007643,46.03515778761572,10,16
2025-01-10,P002,Type C,Evening,Low,16.427578087547083,32.38283387798078,43.1883209293914,15,25
2025-01-11,P001,Type A,Evening,Low,5.95256083399032,44.07062987477792,37.89109601498267,17,26
2025-01-12,P001,Type B,Morning,Low,13.508652008988395,34.372101893100535,81.42777359137693,15,47
2025-01-13,P001,Type A,Evening,High,18.983186782138567,20.54000266835645,64.52132419509336,9,30
2025-01-14,P003,Type B,Evening,High,18.01768308156868,32.64332124737742,34.583096699487356,17,27
2025-01-15,P002,Type C,Night,Medium,8.444041979988178,20.815250482725325,52.95481941423813,5,15
2025-01-16,P003,Type C,Evening,Medium,17.623178200820245,48.98730232120394,52.06401904830659,18,35
2025-01-17,P001,Type A,Night,High,4.0053200979278305,23.82361878268607,40.90435144256778,3,13
2025-01-18,P002,Type A,Morning,High,4.2830049538121155,41.23064978991856,56.13045752833144,12,25
2025-01-19,P003,Type B,Evening,Low,13.64085062148584,49.18328968676258,49.92596192358819,13,36
2025-01-20,P002,Type B,Night,Low,9.836771506312472,44.781171549997154,50.50822232953095,2,28
2025-01-21,P003,Type A,Morning,Medium,10.183373458546354,40.97946125378611,74.34159346727752,9,45
2025-01-22,P002,Type B,Evening,High,13.03105745086212,45.18382728502301,43.395803130311776,5,36
2025-01-23,P001,Type A,Morning,Medium,7.068519289469769,49.45396079781883,68.51159753132131,0,32
2025-01-24,P001,Type B,Evening,High,7.388085610647654,38.640334917605884,64.23897743285609,13,29
2025-01-25,P002,Type A,Morning,Low,11.753625392301835,36.77554420487979,64.08555074027204,7,40
2025-01-26,P003,Type A,Morning,Medium,16.06805670950181,38.84714331389844,69.78044076850657,18,47
2025-01-27,P001,Type A,Night,Medium,13.911964022521403,35.98027660284665,62.902922171739235,13,24
2025-01-28,P001,Type B,Morning,High,8.757680771789422,39.05267317729157,82.75530689078307,9,38
2025-01-29,P001,Type B,Evening,Low,10.88539484014274,33.49526623917678,70.5348055170156,16,34
2025-01-30,P002,Type B,Evening,Medium,6.7306361367999745,26.553295486499213,62.81779508228329,8,31
2025-01-31,P002,Type A,Night,Low,5.194077029393307,23.607416795350268,79.7857872172587,5,40
2025-02-01,P003,Type B,Evening,Medium,16.523136651906388,22.05022806596781,66.36879389600878,10,29
2025-02-02,P003,Type B,Evening,Low,8.246198547011113,27.899473512596003,47.46865486711074,6,14
2025-02-03,P003,Type A,Evening,High,6.844262205619971,21.383706930072016,42.425695090594274,16,26
2025-02-04,P002,Type C,Morning,Medium,15.06588888910911,37.01512339758157,39.13966713976073,0,34
2025-02-05,P002,Type A,Morning,Medium,13.888826788594976,28.51485341070561,83.9673127527661,4,34
2025-02-06,P003,Type B,Evening,Low,14.131034016215425,44.736044242610966,72.60812590788396,8,35
2025-02-07,P003,Type A,Night,Low,7.662313677545818,22.227226189651592,86.24270628985924,17,33
2025-02-08,P002,Type C,Morning,Medium,7.722328617002896,26.790544830244578,66.19750834289658,1,32
2025-02-09,P003,Type A,Night,High,7.532842076570226,41.907384412704374,58.40405288969475,10,30
2025-02-10,P001,Type B,Evening,Low,6.780041530596712,37.96424889150474,33.58298933825336,5,25
2025-02-11,P002,Type C,Evening,Low,14.491578760986501,21.934738137475026,70.29853689276179,7,31
2025-02-12,P003,Type B,Morning,Low,17.568254163990424,46.31718371486601,64.93252558609387,3,37
2025-02-13,P002,Type C,Evening,Medium,15.58907951482658,46.31785288478538,89.41253361525729,17,49
2025-02-14,P001,Type C,Morning,Medium,16.67349814016869,29.912240116273217,44.34952666693458,10,26
2025-02-15,P002,Type A,Evening,Medium,10.476774865363197,30.21217530048694,61.84424131721015,4,27
2025-02-16,P002,Type A,Evening,Medium,14.46521272595197,49.67085075050522,69.05744010708436,14,45
2025-02-17,P002,Type B,Morning,High,9.667779847116392,38.78528514779414,68.67547048454063,17,31
2025-02-18,P002,Type A,Morning,High,12.40807395149824,35.93949561704177,63.67761257690417,1,27
2025-02-19,P001,Type A,Morning,Medium,11.706157544557797,45.14456550655773,76.61568061963354,10,33
2025-02-20,P002,Type C,Evening,High,6.83019432230167,28.55871015071949,42.29887257160898,12,29
2025-02-21,P002,Type A,Evening,Low,10.193260165370093,32.87547780189071,73.53763201646495,3,32
2025-02-22,P003,Type C,Night,Low,19.421156407717618,28.033300264650023,67.18407428598536,6,28
2025-02-23,P002,Type C,Morning,Low,7.977284123439073,43.67482539766194,83.7645067076744,10,44
2025-02-24,P003,Type C,Evening,Medium,6.1408597804718195,37.200480369056535,80.8316663420149,3,32
2025-02-25,P001,Type B,Evening,Low,10.697289945982964,39.76475210420212,48.9088223479532,14,27
2025-02-26,P001,Type B,Morning,High,16.645403773762368,27.569217495182198,46.574239498509186,0,26
2025-02-27,P001,Type B,Night,Medium,13.314371676479556,26.606759041319453,88.89919943114687,2,43
2025-02-28,P001,Type C,Morning,High,14.895597235811913,34.65123886948816,61.635910854915394,13,32
2025-03-01,P003,Type B,Night,Low,7.035117570794835,42.1269724727848,84.38525783486621,5,40
2025-03-02,P002,Type B,Evening,Low,13.903171088123544,35.7571927256048,39.83286142682893,17,33
2025-03-03,P001,Type A,Night,Low,9.17600631858358,20.97937032637006,68.56913488801047,0,29
2025-03-04,P002,Type B,Evening,Medium,17.348853855276282,46.05654518960866,78.59161124163518,5,48
2025-03-05,P003,Type B,Morning,High,14.068780896171779,21.940606805453946,86.84371497518681,5,31
2025-03-06,P003,Type C,Morning,Medium,7.1817004444047345,48.67473451162257,50.24040846102141,15,28
2025-03-07,P003,Type C,Morning,Medium,5.033866877505378,20.754258748318183,73.49887019544315,4,22
2025-03-08,P001,Type C,Night,Low,4.682131348592524,40.83351368392127,62.328780542377146,16,32
2025-03-09,P002,Type C,Evening,Medium,9.942537082402252,22.46621191135345,33.637735563988095,9,16
2025-03-10,P002,Type C,Morning,Medium,8.253618186469016,47.32029738305418,71.3999842385366,17,39
2025-03-11,P002,Type C,Morning,Low,14.337441975400129,33.932997086766285,71.4057934942706,6,35
2025-03-12,P003,Type B,Evening,Medium,11.989341359657892,24.12571324451046,85.83640829079222,2,39
2025-03-13,P001,Type C,Morning,Low,8.256308448086092,30.224470993695398,59.83874677013834,12,31
2025-03-14,P003,Type C,Evening,Low,6.387804447202818,24.94474026040286,43.815055242630876,14,22
2025-03-15,P003,Type A,Evening,Low,6.0351962029991935,25.1174573467127,32.673829406920746,19,24
2025-03-16,P002,Type B,Evening,Low,17.834566274246683,48.443249605143265,54.93853120115434,18,34
2025-03-17,P003,Type B,Evening,Medium,7.895647494477876,33.357383368543644,48.11500200465011,2,25
2025-03-18,P002,Type B,Evening,Low,14.427370366575493,43.664067917160786,75.66529836143253,3,40
2025-03-19,P001,Type C,Night,Low,16.970974847780262,39.188166835330456,51.25606589046279,4,33
2025-03-20,P002,Type C,Morning,Medium,13.825300978955777,40.29279087015177,86.94427177889064,0,41
2025-03-21,P001,Type C,Night,Medium,17.753043706351132,23.950803154161157,87.73861217926705,3,34
2025-03-22,P002,Type A,Morning,High,10.278299544455592,27.025533404464568,67.25451541306248,11,37
2025-03-23,P003,Type C,Night,Medium,19.299555050383173,43.60251005463311,85.71961722089297,9,53
2025-03-24,P003,Type A,Evening,Medium,6.130320066849551,49.12298619424349,75.65126067086973,19,32
2025-03-25,P001,Type B,Morning,High,5.6343924745206095,27.880269277959552,62.81157845850757,12,23
2025-03-26,P001,Type C,Morning,Medium,14.539074339319097,28.147062942531196,40.818476125366686,13,27
2025-03-27,P001,Type A,Night,Medium,19.085298262612188,34.18691398432715,57.515876610830404,4,32
2025-03-28,P002,Type A,Night,Medium,16.94213538618125,49.515209385663134,63.652467801757055,3,48
2025-03-29,P002,Type C,Morning,Medium,5.222669751008823,28.068768374794132,81.83769484410061,13,35
2025-03-30,P001,Type B,Night,High,8.469883422955462,32.209157289027914,58.88000259213989,9,37
2025-03-31,P003,Type B,Night,Medium,18.88510215740518,46.7444004687052,83.8604803606774,16,35
2025-04-01,P002,Type B,Night,Medium,8.048934924812553,20.08763097864086,70.46093874140814,9,33
2025-04-02,P002,Type A,Evening,High,16.498726780590708,21.192978949657086,38.21994378322028,6,20
2025-04-03,P002,Type A,Evening,Low,17.202115134859262,38.122150312136576,89.69888215950559,15,40
2025-04-04,P001,Type A,Night,High,11.927233655375709,47.22140494138541,61.633959645234754,0,33
2025-04-05,P001,Type A,Night,Low,10.181582557573048,27.16569981205783,53.51149778454473,16,22
2025-04-06,P001,Type B,Evening,High,11.201990918716154,34.08925324042127,69.5468258681716,8,36
2025-04-07,P001,Type C,Evening,High,7.631435109845826,33.51395904973455,36.533598838862346,5,24
2025-04-08,P001,Type A,Morning,Medium,18.230254658061508,34.189140382865304,68.19231880520127,18,40
2025-04-09,P003,Type A,Morning,Low,11.209914507676126,38.675590871892354,59.89416002995638,12,38
2025-04-10,P003,Type B,Evening,Medium,18.1193510472976,34.09231288972052,54.400444199914986,2,39
2025-04-11,P001,Type C,Night,Low,5.6910956785003854,33.424044239673734,87.18120127073395,6,33
2025-04-12,P002,Type C,Night,High,19.812404336002103,34.228652612937815,61.352383003923194,8,38
2025-04-13,P001,Type B,Night,High,11.092369399097892,37.72602323813125,43.147048768196306,4,29
2025-04-14,P003,Type B,Night,Low,4.7652931263056875,36.11022465054075,57.53780876263792,9,31
2025-04-15,P003,Type C,Morning,Medium,4.608349571799279,45.62407992951513,85.16324427436035,16,42
2025-04-16,P002,Type A,Evening,Medium,15.939316119709417,21.48490560481,40.56572827983568,11,33
2025-04-17,P003,Type C,Night,Medium,14.544568547258892,44.999512144190376,42.83742232129421,15,31
2025-04-18,P001,Type B,Morning,Medium,16.8340889300414,45.31773837835172,30.781774065425026,2,21
2025-04-19,P002,Type A,Night,High,5.685880543244895,28.547240645928824,30.851402963746033,8,17
2025-04-20,P001,Type A,Evening,High,4.569133872568774,33.88555865047552,79.76349761751075,14,39
2025-04-21,P001,Type B,Morning,High,12.137268631161255,33.156154656123064,73.92735641057735,4,34
2025-04-22,P002,Type B,Evening,High,10.201523703724312,26.55529503062391,51.3024633871175,12,25
2025-04-23,P001,Type B,Evening,High,11.391150986735292,31.903905412589495,71.89866943365436,13,29
2025-04-24,P003,Type C,Morning,Medium,19.865414541924384,21.331633165125634,53.71235557859821,19,33
2025-04-25,P001,Type C,Morning,Medium,19.531999322730723,28.334662183452032,87.17380775986965,14,44
2025-04-26,P002,Type A,Morning,Medium,19.077046234771085,44.50046526352154,88.02316088556209,15,48
2025-04-27,P002,Type B,Morning,Medium,16.54148282828278,28.536869052886928,53.567626548560604,12,30
2025-04-28,P002,Type A,Morning,High,9.677461764110246,44.546200062447426,81.25331438045208,16,41
2025-04-29,P001,Type A,Morning,High,10.594094884204345,35.94798393813292,76.38534250184797,7,36
2025-04-30,P002,Type A,Morning,High,12.793856699502792,46.3958803208348,48.599996230307354,1,32
2025-05-01,P002,Type A,Night,Low,17.288551302477437,37.24338662793245,43.92238973406636,4,24
2025-05-02,P001,Type B,Evening,Medium,5.099405320292284,20.890046691942196,57.49407902357003,5,25
2025-05-03,P003,Type A,Morning,Medium,10.78875017415821,40.26260622641267,76.88093043686438,11,36
2025-05-04,P001,Type B,Night,High,5.321882615348299,21.34560704070706,87.61006708372472,17,39
2025-05-05,P002,Type B,Night,Medium,12.234521385176185,33.51791056949402,75.81474413199436,0,35
2025-05-06,P002,Type C,Night,Medium,18.382413184099768,47.88280083419342,81.3124191011022,16,49
2025-05-07,P001,Type B,Evening,High,16.51975879302301,24.956118180135505,66.183858370231,10,31
2025-05-08,P003,Type C,Morning,Low,7.645478680689759,31.696170588246325,80.12446985052756,9,33
2025-05-09,P002,Type B,Night,Low,19.61585359358068,41.89580926545435,77.06525148020506,18,51
2025-05-10,P002,Type B,Evening,Low,14.677606368742854,46.46775668284543,52.61913251557681,13,38
2025-05-11,P002,Type B,Evening,High,4.166843190358449,40.12829014227523,63.119418127243264,9,28
2025-05-12,P001,Type C,Evening,Medium,8.086615754963512,27.745197625735077,78.28518731938169,14,38
2025-05-13,P002,Type C,Night,High,8.171412798718665,40.238235587486486,32.76340405139738,18,24
2025-05-14,P003,Type A,Morning,High,5.108068900573759,28.9018292331227,78.48475694134979,3,32
