Date,Product_ID,Product_Type,Production_Volume,Shift,Operator_Experience_Level,Machine_Usage_Hours,Temperature,Humidity,Previous_Day_Defects,Defects
2024-01-01,P100,A,335,Morning,Low,5.78,28.3,62.4,0,0
2024-01-02,P101,C,483,Morning,Medium,14.56,33.2,88.6,0,0
2024-01-03,P102,B,307,Night,Medium,12.74,23.1,77.7,0,0
2024-01-04,P103,A,335,Night,Medium,9.06,26.0,34.7,0,0
2024-01-05,P104,B,226,Morning,High,5.38,39.1,80.2,0,0
2024-01-06,P105,B,341,Morning,Low,15.44,25.2,40.4,0,0
2024-01-07,P106,B,266,Night,Medium,7.35,21.3,63.0,0,0
2024-01-08,P107,A,426,Night,High,15.72,31.5,46.8,0,0
2024-01-09,P108,B,487,Morning,Low,19.32,33.4,63.3,0,15
2024-01-10,P109,A,276,Night,Low,14.18,25.5,44.9,15,0
2024-01-11,P110,B,498,Night,Low,10.34,33.9,30.9,0,0
2024-01-12,P111,B,265,Morning,Medium,6.74,16.2,32.4,0,0
2024-01-13,P112,B,220,Evening,Low,17.83,32.6,58.5,0,0
2024-01-14,P113,C,327,Night,Low,6.47,27.3,58.4,0,0
2024-01-15,P114,B,486,Evening,High,7.6,25.8,53.9,0,0
2024-01-16,P115,C,279,Morning,Low,14.24,30.9,32.7,0,0
2024-01-17,P116,A,411,Morning,Low,10.62,30.6,60.2,0,0
2024-01-18,P117,C,370,Evening,High,17.85,31.5,39.8,0,0
2024-01-19,P118,C,327,Evening,Low,6.06,31.1,31.6,0,0
2024-01-20,P119,C,255,Evening,Low,13.79,38.5,64.5,0,0
2024-01-21,P120,B,313,Morning,Medium,10.82,31.1,57.5,0,0
2024-01-22,P121,B,356,Morning,Low,13.18,38.5,53.2,0,0
2024-01-23,P122,A,298,Evening,Medium,19.42,37.6,41.7,0,0
2024-01-24,P123,B,235,Evening,Medium,6.04,17.5,31.1,0,0
2024-01-25,P124,C,460,Evening,High,6.42,32.1,34.3,0,0
2024-01-26,P125,C,369,Morning,Low,9.78,36.1,31.4,0,0
2024-01-27,P126,B,291,Night,Medium,17.22,22.0,37.1,0,0
2024-01-28,P127,A,255,Night,Medium,15.45,30.7,82.6,0,13
2024-01-29,P128,B,360,Evening,High,16.03,35.1,46.9,13,0
2024-01-30,P129,C,259,Evening,High,7.66,33.8,78.4,0,0
2024-01-31,P130,A,330,Morning,High,19.86,25.3,52.3,0,0
2024-02-01,P131,B,200,Night,High,16.65,23.5,85.8,0,0
2024-02-02,P132,C,300,Evening,Medium,17.88,25.7,75.1,0,0
2024-02-03,P133,A,369,Night,Medium,16.32,17.6,84.2,0,0
2024-02-04,P134,C,263,Night,Medium,12.58,35.7,49.2,0,0
2024-02-05,P135,C,358,Night,Medium,18.43,24.7,30.7,0,0
2024-02-06,P136,B,406,Night,Medium,18.58,17.3,49.2,0,0
2024-02-07,P137,C,265,Morning,Medium,19.25,38.8,64.4,0,23
2024-02-08,P138,C,394,Night,High,14.48,26.2,47.6,23,0
2024-02-09,P139,A,491,Evening,Medium,9.93,31.8,75.1,0,0
2024-02-10,P140,C,200,Evening,Medium,16.87,34.7,35.5,0,0
2024-02-11,P141,A,420,Night,High,12.42,16.4,63.0,0,0
2024-02-12,P142,C,364,Evening,Medium,11.62,37.2,51.1,0,0
2024-02-13,P143,B,309,Night,Medium,6.76,18.6,75.7,0,0
2024-02-14,P144,C,286,Night,Low,14.27,17.5,35.0,0,0
2024-02-15,P145,B,463,Night,High,15.51,16.8,79.3,0,0
2024-02-16,P146,C,371,Morning,Low,15.59,17.0,35.1,0,0
2024-02-17,P147,C,358,Morning,Low,19.8,24.4,52.2,0,0
2024-02-18,P148,A,212,Morning,Low,17.19,38.7,89.2,0,32
2024-02-19,P149,B,237,Evening,Medium,16.3,24.4,35.0,32,0
2024-02-20,P150,C,494,Morning,High,16.66,29.0,55.5,0,0
2024-02-21,P151,C,396,Evening,Medium,18.6,17.8,59.6,0,0
2024-02-22,P152,A,275,Night,High,5.17,26.7,33.4,0,0
2024-02-23,P153,A,254,Evening,Low,6.78,17.9,69.0,0,0
2024-02-24,P154,A,465,Evening,Low,16.19,29.6,87.7,0,0
2024-02-25,P155,C,327,Morning,Medium,10.62,22.1,82.1,0,0
2024-02-26,P156,A,437,Night,High,8.35,39.1,30.7,0,0
2024-02-27,P157,C,362,Evening,High,19.55,16.1,83.5,0,0
2024-02-28,P158,C,458,Evening,High,12.92,39.8,34.4,0,0
2024-02-29,P159,B,281,Night,Medium,13.31,39.2,61.4,0,0
2024-03-01,P160,B,332,Morning,High,14.44,32.4,57.3,0,0
2024-03-02,P161,B,466,Evening,High,14.41,29.6,84.1,0,0
2024-03-03,P162,A,340,Evening,Low,5.68,22.0,87.0,0,0
2024-03-04,P163,C,346,Morning,Medium,18.35,26.4,67.2,0,0
2024-03-05,P164,B,363,Night,Low,9.16,19.7,57.8,0,0
2024-03-06,P165,A,277,Morning,Medium,10.3,29.6,34.7,0,0
2024-03-07,P166,C,278,Night,Low,19.62,39.7,71.9,0,29
2024-03-08,P167,A,412,Evening,Medium,13.04,22.7,78.8,29,0
2024-03-09,P168,C,438,Evening,Low,15.27,19.1,84.7,0,0
2024-03-10,P169,A,415,Evening,High,17.34,38.7,73.5,0,24
2024-03-11,P170,C,210,Night,Medium,14.2,25.5,86.0,24,0
2024-03-12,P171,B,203,Evening,Medium,17.99,16.1,31.6,0,0
2024-03-13,P172,B,414,Night,High,10.65,35.3,89.2,0,0
2024-03-14,P173,C,479,Night,Low,7.26,29.9,52.9,0,0
2024-03-15,P174,B,312,Evening,Medium,19.55,36.1,80.3,0,28
2024-03-16,P175,B,214,Evening,Medium,12.03,25.4,46.4,28,0
2024-03-17,P176,C,407,Night,Low,5.85,36.6,78.8,0,0
2024-03-18,P177,B,265,Night,High,20.0,39.9,63.3,0,26
2024-03-19,P178,A,401,Night,High,16.53,38.6,81.0,26,26
2024-03-20,P179,C,213,Morning,High,8.71,26.3,37.7,26,0
2024-03-21,P180,B,269,Evening,Low,19.31,30.2,43.7,0,0
2024-03-22,P181,A,333,Evening,Medium,15.08,30.5,51.5,0,0
2024-03-23,P182,A,432,Evening,Medium,6.7,31.8,61.2,0,0
2024-03-24,P183,B,342,Evening,Medium,16.58,28.0,81.1,0,0
2024-03-25,P184,A,440,Morning,High,13.28,29.0,82.6,0,0
2024-03-26,P185,C,226,Evening,Low,11.05,18.4,31.7,0,0
2024-03-27,P186,C,235,Night,Low,16.33,30.5,72.2,0,9
2024-03-28,P187,A,326,Morning,Low,8.19,18.4,30.9,9,0
2024-03-29,P188,C,278,Morning,Low,10.26,29.7,53.5,0,0
2024-03-30,P189,B,258,Night,Low,11.56,37.6,50.9,0,0
2024-03-31,P190,B,331,Evening,Low,12.71,34.6,53.8,0,0
2024-04-01,P191,C,258,Morning,Medium,14.33,36.6,87.0,0,0
2024-04-02,P192,A,496,Morning,Medium,7.21,38.2,59.5,0,0
2024-04-03,P193,C,392,Evening,High,8.87,26.5,88.8,0,0
2024-04-04,P194,A,238,Night,High,12.39,23.2,68.0,0,0
2024-04-05,P195,C,324,Morning,High,8.6,16.9,37.7,0,0
2024-04-06,P196,B,261,Night,Low,6.92,18.8,38.3,0,0
2024-04-07,P197,B,472,Evening,High,14.61,19.5,50.7,0,0
2024-04-08,P198,B,235,Night,High,18.45,26.8,70.1,0,0
2024-04-09,P199,B,206,Evening,Medium,7.58,19.8,32.5,0,0
2024-04-10,P200,A,421,Evening,High,7.53,22.0,40.6,0,0
2024-04-11,P201,B,278,Evening,Low,6.33,18.0,57.6,0,0
2024-04-12,P202,C,467,Night,Medium,8.1,24.1,60.2,0,0
2024-04-13,P203,C,475,Evening,Medium,15.36,16.0,78.0,0,0
2024-04-14,P204,B,337,Evening,Low,14.42,17.0,82.4,0,0
2024-04-15,P205,A,342,Evening,Low,18.81,16.5,46.6,0,0
2024-04-16,P206,B,491,Night,High,17.09,33.7,41.1,0,0
2024-04-17,P207,B,372,Morning,Medium,8.14,24.3,59.1,0,0
2024-04-18,P208,B,293,Evening,Low,14.27,24.2,57.8,0,0
2024-04-19,P209,B,332,Evening,Medium,16.21,15.9,45.1,0,0
2024-04-20,P210,C,341,Night,Low,15.7,37.4,60.7,0,12
2024-04-21,P211,C,297,Morning,Low,12.98,17.7,56.8,12,0
2024-04-22,P212,C,408,Evening,High,12.99,21.1,46.2,0,0
2024-04-23,P213,A,443,Night,High,10.66,15.5,49.3,0,0
2024-04-24,P214,B,429,Morning,Low,8.17,23.2,37.2,0,0
2024-04-25,P215,B,313,Evening,High,18.36,29.8,70.7,0,0
2024-04-26,P216,A,356,Night,High,16.84,27.5,35.2,0,0
2024-04-27,P217,B,442,Night,High,13.06,29.7,74.7,0,0
2024-04-28,P218,B,417,Night,High,11.47,18.2,47.0,0,0
2024-04-29,P219,B,380,Night,Medium,10.45,31.1,64.2,0,0
2024-04-30,P220,B,356,Evening,Low,10.34,39.7,66.3,0,0
2024-05-01,P221,A,298,Evening,Low,8.56,17.5,39.2,0,0
2024-05-02,P222,C,474,Night,Low,8.69,19.0,41.2,0,0
2024-05-03,P223,A,310,Night,Medium,9.28,19.3,83.8,0,0
2024-05-04,P224,B,468,Night,Medium,6.2,28.1,54.6,0,0
2024-05-05,P225,A,299,Evening,Low,19.74,17.8,53.9,0,0
2024-05-06,P226,B,291,Evening,Low,19.54,36.6,79.0,0,28
2024-05-07,P227,C,473,Morning,Medium,8.87,19.3,70.1,28,0
2024-05-08,P228,A,227,Night,Medium,18.94,28.9,64.3,0,0
2024-05-09,P229,C,264,Night,Medium,9.2,34.2,41.2,0,0
2024-05-10,P230,A,206,Night,Medium,9.86,25.6,60.5,0,0
2024-05-11,P231,B,445,Evening,Medium,8.64,17.9,66.6,0,0
2024-05-12,P232,A,226,Evening,Medium,9.33,29.5,39.3,0,0
2024-05-13,P233,A,233,Evening,Medium,12.22,28.3,33.1,0,0
2024-05-14,P234,A,495,Night,High,10.05,18.4,33.8,0,0
2024-05-15,P235,A,277,Morning,High,19.85,23.1,78.6,0,0
2024-05-16,P236,B,243,Morning,Low,8.82,32.0,75.6,0,0
2024-05-17,P237,C,413,Night,High,13.93,26.8,54.7,0,0
2024-05-18,P238,C,315,Night,Medium,10.23,38.2,79.8,0,0
2024-05-19,P239,B,426,Evening,High,19.48,18.1,73.9,0,0
2024-05-20,P240,B,356,Night,High,19.08,19.5,34.0,0,0
2024-05-21,P241,A,250,Morning,High,16.12,29.4,80.5,0,0
2024-05-22,P242,A,335,Night,Low,7.1,34.9,42.1,0,0
2024-05-23,P243,A,322,Morning,High,7.45,19.1,78.9,0,0
2024-05-24,P244,A,280,Morning,Medium,14.98,28.1,51.5,0,0
2024-05-25,P245,B,440,Evening,Low,18.16,24.8,79.0,0,0
2024-05-26,P246,A,347,Night,Medium,11.59,24.4,57.8,0,0
2024-05-27,P247,C,432,Morning,High,9.52,33.7,60.2,0,0
2024-05-28,P248,A,335,Night,High,8.48,37.5,53.0,0,0
2024-05-29,P249,C,301,Evening,Low,13.15,37.7,67.5,0,0
2024-05-30,P250,C,315,Night,Low,6.75,38.5,67.7,0,0
2024-05-31,P251,B,272,Morning,Low,10.02,18.5,77.6,0,0
2024-06-01,P252,A,357,Night,High,14.3,28.3,83.6,0,0
2024-06-02,P253,C,347,Evening,Low,16.83,18.8,48.7,0,0
2024-06-03,P254,B,355,Night,Medium,8.73,33.6,32.0,0,0
2024-06-04,P255,B,456,Night,Medium,13.55,34.1,82.6,0,0
2024-06-05,P256,B,241,Night,Low,10.13,35.5,36.6,0,0
2024-06-06,P257,B,365,Night,Medium,17.7,18.2,53.8,0,0
2024-06-07,P258,A,246,Morning,High,16.96,18.7,43.8,0,0
2024-06-08,P259,C,500,Morning,High,15.83,33.0,68.5,0,10
2024-06-09,P260,B,495,Morning,Low,15.41,28.6,45.1,10,0
2024-06-10,P261,B,465,Night,Medium,10.19,19.5,84.5,0,0
2024-06-11,P262,B,292,Night,Medium,13.75,25.0,57.7,0,0
2024-06-12,P263,C,451,Morning,Medium,19.21,18.8,65.2,0,0
2024-06-13,P264,B,409,Evening,Medium,12.59,30.3,31.1,0,0
2024-06-14,P265,C,253,Morning,Medium,18.08,38.3,63.9,0,20
2024-06-15,P266,B,453,Evening,High,15.45,38.1,72.4,20,19
2024-06-16,P267,B,481,Morning,Medium,7.29,29.4,66.4,19,0
2024-06-17,P268,A,361,Evening,Medium,11.36,33.4,86.1,0,0
2024-06-18,P269,A,406,Night,Low,18.88,26.3,36.8,0,0
2024-06-19,P270,C,477,Evening,Medium,19.77,36.0,37.5,0,0
2024-06-20,P271,A,296,Night,Medium,18.81,36.7,61.1,0,18
2024-06-21,P272,C,455,Night,Medium,13.87,25.0,33.3,18,0
2024-06-22,P273,A,304,Evening,High,10.03,35.1,30.3,0,0
2024-06-23,P274,A,347,Evening,High,10.0,25.0,62.2,0,0
2024-06-24,P275,B,262,Morning,High,18.8,23.7,50.8,0,0
2024-06-25,P276,C,322,Night,Low,16.06,26.3,43.5,0,0
2024-06-26,P277,B,482,Morning,High,11.79,18.5,40.6,0,0
2024-06-27,P278,B,247,Morning,Low,12.48,25.5,84.9,0,0
2024-06-28,P279,B,260,Night,Low,10.44,29.5,67.9,0,0
2024-06-29,P280,B,349,Night,High,5.2,31.6,40.7,0,0
2024-06-30,P281,B,412,Evening,Medium,19.42,18.7,54.9,0,0
2024-07-01,P282,A,433,Night,Low,6.28,39.9,60.1,0,0
2024-07-02,P283,B,297,Night,High,13.93,16.7,75.0,0,0
2024-07-03,P284,C,269,Morning,Medium,8.15,37.5,42.3,0,0
2024-07-04,P285,B,374,Night,Medium,7.86,15.9,58.3,0,0
2024-07-05,P286,A,344,Night,Medium,13.47,16.6,76.5,0,0
2024-07-06,P287,C,496,Night,Medium,11.8,28.1,56.4,0,0
2024-07-07,P288,A,428,Night,Medium,11.01,29.0,39.3,0,0
2024-07-08,P289,B,370,Night,High,7.73,36.5,86.8,0,0
2024-07-09,P290,B,433,Evening,Low,10.6,21.8,68.6,0,0
2024-07-10,P291,C,322,Night,Medium,11.13,15.6,39.4,0,0
2024-07-11,P292,A,410,Morning,Medium,15.74,31.5,31.6,0,0
2024-07-12,P293,C,442,Night,Medium,8.33,20.8,70.3,0,0
2024-07-13,P294,B,277,Evening,Low,5.3,17.6,78.0,0,0
2024-07-14,P295,A,457,Night,Medium,7.68,31.3,44.3,0,0
2024-07-15,P296,A,425,Morning,High,6.49,21.1,73.3,0,0
2024-07-16,P297,B,207,Night,Low,17.84,35.8,53.8,0,0
2024-07-17,P298,B,279,Morning,Medium,15.02,20.1,47.6,0,0
2024-07-18,P299,B,373,Night,High,18.45,15.3,35.1,0,0
2024-07-19,P300,B,241,Evening,High,8.12,15.7,40.9,0,0
2024-07-20,P301,C,394,Evening,High,13.75,25.5,83.6,0,0
2024-07-21,P302,C,449,Night,Low,17.26,23.5,45.6,0,0
2024-07-22,P303,C,235,Morning,High,10.7,29.8,46.1,0,0
2024-07-23,P304,C,347,Morning,High,14.36,25.2,63.1,0,0
2024-07-24,P305,A,422,Morning,High,11.54,22.4,86.9,0,0
2024-07-25,P306,C,251,Evening,Low,16.45,18.5,82.1,0,0
2024-07-26,P307,C,353,Morning,Low,12.31,37.4,78.0,0,0
2024-07-27,P308,B,228,Evening,Medium,11.38,15.6,46.1,0,0
2024-07-28,P309,B,420,Morning,Low,13.12,30.8,45.5,0,0
2024-07-29,P310,C,410,Night,High,7.09,35.9,89.1,0,0
2024-07-30,P311,A,287,Morning,Low,12.89,19.3,46.3,0,0
2024-07-31,P312,C,395,Night,High,5.28,37.9,37.1,0,0
2024-08-01,P313,A,454,Night,Low,13.65,21.9,63.3,0,0
2024-08-02,P314,A,436,Night,Medium,14.77,35.7,42.4,0,0
2024-08-03,P315,B,330,Night,Low,5.16,18.4,84.0,0,0
2024-08-04,P316,B,347,Night,High,18.11,29.9,66.0,0,0
2024-08-05,P317,A,237,Evening,Medium,14.98,19.4,84.9,0,0
2024-08-06,P318,C,353,Night,Medium,11.28,24.6,61.1,0,0
2024-08-07,P319,C,328,Evening,Medium,5.7,19.2,74.3,0,0
2024-08-08,P320,A,396,Evening,Low,6.24,30.1,44.7,0,0
2024-08-09,P321,A,395,Night,Medium,10.84,22.2,51.3,0,0
2024-08-10,P322,C,351,Night,Medium,15.79,22.4,64.0,0,0
2024-08-11,P323,A,402,Evening,Low,12.14,31.6,86.2,0,0
2024-08-12,P324,C,225,Night,High,15.99,20.4,31.9,0,0
2024-08-13,P325,B,346,Morning,High,8.93,29.9,33.1,0,0
2024-08-14,P326,B,312,Night,Low,12.45,29.9,50.1,0,0
2024-08-15,P327,C,328,Night,High,16.56,17.7,34.5,0,0
2024-08-16,P328,C,270,Night,Low,15.92,27.4,71.3,0,0
2024-08-17,P329,C,220,Evening,Medium,11.52,21.2,79.1,0,0
2024-08-18,P330,A,496,Evening,High,16.99,32.4,46.3,0,0
2024-08-19,P331,A,246,Evening,Medium,13.85,24.0,35.5,0,0
2024-08-20,P332,C,412,Morning,Low,18.76,18.4,87.0,0,0
2024-08-21,P333,A,476,Evening,High,11.69,19.6,62.5,0,0
2024-08-22,P334,C,339,Morning,Medium,18.09,33.3,78.4,0,20
2024-08-23,P335,B,351,Night,Medium,14.88,32.3,81.0,20,0
2024-08-24,P336,A,439,Morning,Low,8.75,27.2,43.3,0,0
2024-08-25,P337,A,403,Night,Medium,19.82,38.6,32.4,0,0
2024-08-26,P338,A,402,Morning,Medium,15.58,38.1,40.8,0,0
2024-08-27,P339,C,263,Evening,Medium,13.52,37.9,32.0,0,0
2024-08-28,P340,C,334,Night,Medium,15.46,22.4,85.5,0,0
2024-08-29,P341,C,390,Morning,High,19.57,38.6,58.5,0,0
2024-08-30,P342,A,441,Morning,High,17.93,36.1,49.1,0,0
2024-08-31,P343,C,367,Night,Low,17.43,15.9,65.8,0,0
2024-09-01,P344,C,232,Night,Medium,8.45,18.0,34.6,0,0
2024-09-02,P345,C,354,Night,Medium,15.44,23.5,73.5,0,0
2024-09-03,P346,A,271,Morning,Low,5.98,22.9,62.4,0,0
2024-09-04,P347,B,452,Morning,Low,16.86,23.0,67.6,0,0
2024-09-05,P348,A,475,Morning,Medium,18.29,30.4,44.0,0,0
2024-09-06,P349,B,389,Night,High,5.37,36.8,31.3,0,0
2024-09-07,P350,C,476,Evening,High,18.12,28.2,86.3,0,0
2024-09-08,P351,C,279,Evening,High,16.98,39.9,51.0,0,0
2024-09-09,P352,A,450,Night,Medium,16.51,25.0,58.8,0,0
2024-09-10,P353,B,216,Night,Medium,14.41,36.8,89.0,0,0
2024-09-11,P354,A,427,Evening,Low,16.52,25.4,55.3,0,0
2024-09-12,P355,B,250,Night,Medium,16.06,21.0,36.6,0,0
2024-09-13,P356,C,383,Morning,Medium,10.32,22.2,47.8,0,0
2024-09-14,P357,B,297,Morning,Medium,8.5,16.1,31.1,0,0
2024-09-15,P358,A,308,Night,High,19.82,25.7,53.1,0,0
2024-09-16,P359,C,210,Morning,Medium,15.19,20.5,87.0,0,0
2024-09-17,P360,A,264,Night,Low,16.8,17.2,55.1,0,0
2024-09-18,P361,A,483,Morning,High,18.19,38.6,58.0,0,0
2024-09-19,P362,A,319,Evening,Low,14.2,19.2,89.5,0,0
2024-09-20,P363,C,201,Evening,Low,8.48,38.6,69.0,0,0
2024-09-21,P364,A,476,Evening,Low,14.12,27.8,43.8,0,0
2024-09-22,P365,A,213,Morning,Low,7.65,20.5,41.2,0,0
2024-09-23,P366,B,321,Night,Medium,16.69,23.8,33.5,0,0
2024-09-24,P367,A,289,Evening,Low,19.54,37.1,85.7,0,32
2024-09-25,P368,A,415,Night,Low,19.92,19.3,53.8,32,0
2024-09-26,P369,C,232,Evening,Medium,16.37,32.4,39.2,0,0
2024-09-27,P370,B,462,Night,Low,17.24,20.6,43.4,0,0
2024-09-28,P371,B,457,Morning,High,13.05,29.8,64.8,0,0
2024-09-29,P372,A,466,Evening,Medium,6.37,36.9,45.9,0,0
2024-09-30,P373,C,215,Morning,Medium,6.94,37.2,87.3,0,0
2024-10-01,P374,B,418,Night,Low,17.93,35.2,69.3,0,18
2024-10-02,P375,B,427,Morning,Low,13.26,17.2,54.5,18,0
2024-10-03,P376,B,275,Morning,Low,10.59,21.5,73.4,0,0
2024-10-04,P377,B,499,Night,High,12.44,17.0,43.2,0,0
2024-10-05,P378,B,395,Night,High,15.25,16.9,81.1,0,0
2024-10-06,P379,B,432,Night,High,12.43,27.0,65.5,0,0
2024-10-07,P380,B,250,Night,Low,17.37,23.7,70.7,0,0
2024-10-08,P381,C,482,Night,Low,13.49,21.7,82.7,0,0
2024-10-09,P382,B,431,Morning,Medium,16.96,31.5,81.0,0,16
2024-10-10,P383,B,432,Evening,Medium,18.01,32.7,80.2,16,20
2024-10-11,P384,C,248,Evening,Medium,15.46,32.0,67.1,20,7
2024-10-12,P385,B,330,Evening,Low,16.29,19.0,82.9,7,0
2024-10-13,P386,C,442,Morning,Low,18.08,15.7,79.5,0,0
2024-10-14,P387,A,247,Evening,Low,6.93,23.4,74.6,0,0
2024-10-15,P388,C,390,Morning,High,7.41,35.4,79.9,0,0
2024-10-16,P389,A,500,Night,High,12.61,15.2,47.2,0,0
2024-10-17,P390,B,262,Evening,Medium,14.25,39.5,67.9,0,0
2024-10-18,P391,C,416,Night,Low,8.9,30.9,62.4,0,0
2024-10-19,P392,B,359,Evening,Low,16.7,17.7,75.7,0,0
2024-10-20,P393,C,459,Morning,Low,13.12,39.1,50.5,0,0
2024-10-21,P394,C,446,Morning,Low,14.49,38.3,36.2,0,0
2024-10-22,P395,B,484,Evening,Low,19.06,32.2,34.1,0,0
2024-10-23,P396,B,493,Morning,Medium,9.51,32.7,34.0,0,0
2024-10-24,P397,C,485,Morning,High,13.73,23.6,67.3,0,0
2024-10-25,P398,C,336,Morning,Low,5.69,36.8,88.4,0,0
2024-10-26,P399,B,358,Evening,Medium,19.53,33.7,37.8,0,0
2024-10-27,P400,A,292,Morning,High,16.37,15.6,31.3,0,0
2024-10-28,P401,C,405,Morning,Low,9.85,27.2,76.2,0,0
2024-10-29,P402,C,215,Morning,High,15.25,26.1,46.4,0,0
2024-10-30,P403,C,310,Evening,Medium,19.96,25.7,57.1,0,0
2024-10-31,P404,B,374,Morning,Medium,7.45,34.9,71.6,0,0
2024-11-01,P405,B,366,Night,High,8.31,17.1,70.8,0,0
2024-11-02,P406,A,226,Morning,Low,14.82,21.8,87.1,0,0
2024-11-03,P407,C,225,Night,Low,7.27,25.8,86.6,0,0
2024-11-04,P408,B,426,Night,Medium,11.3,31.0,53.9,0,0
2024-11-05,P409,B,426,Evening,Medium,9.11,39.6,54.6,0,0
2024-11-06,P410,A,462,Morning,Medium,18.41,20.7,42.8,0,0
2024-11-07,P411,B,256,Evening,High,5.47,31.3,52.1,0,0
2024-11-08,P412,C,449,Night,High,17.97,26.8,88.1,0,0
2024-11-09,P413,B,223,Morning,Medium,7.78,36.7,76.6,0,0
2024-11-10,P414,C,228,Morning,Low,16.56,36.1,75.7,0,20
2024-11-11,P415,B,308,Morning,Medium,14.39,18.3,32.0,20,0
2024-11-12,P416,B,367,Morning,Low,18.81,30.4,77.8,0,17
2024-11-13,P417,B,420,Morning,Low,12.22,17.9,37.5,17,0
2024-11-14,P418,B,472,Night,Low,15.28,25.8,42.0,0,0
2024-11-15,P419,C,486,Night,Medium,12.37,16.6,64.9,0,0
2024-11-16,P420,A,403,Night,Low,9.03,34.9,48.6,0,0
2024-11-17,P421,B,209,Evening,Low,11.83,15.3,34.3,0,0
2024-11-18,P422,B,494,Evening,High,10.89,27.0,66.0,0,0
2024-11-19,P423,B,413,Evening,Low,9.37,32.4,81.6,0,0
2024-11-20,P424,B,210,Evening,Low,16.7,16.0,58.8,0,0
2024-11-21,P425,C,435,Night,Medium,6.57,21.1,89.2,0,0
2024-11-22,P426,A,423,Morning,Low,7.14,27.5,67.1,0,0
2024-11-23,P427,B,405,Night,Low,15.54,29.0,30.6,0,0
2024-11-24,P428,B,358,Night,Medium,9.9,27.9,35.3,0,0
2024-11-25,P429,A,370,Morning,Low,10.26,15.8,34.7,0,0
2024-11-26,P430,C,258,Night,High,10.95,18.3,64.1,0,0
2024-11-27,P431,A,378,Evening,High,15.34,35.0,42.0,0,0
2024-11-28,P432,C,275,Morning,Low,7.51,17.6,68.2,0,0
2024-11-29,P433,A,331,Morning,Low,15.6,15.8,86.2,0,0
2024-11-30,P434,C,278,Night,Low,5.78,28.5,72.5,0,0
2024-12-01,P435,A,452,Evening,High,18.06,32.9,78.1,0,19
2024-12-02,P436,C,429,Night,High,10.09,35.4,34.8,19,0
2024-12-03,P437,C,365,Night,Medium,18.42,28.7,79.0,0,0
2024-12-04,P438,A,425,Morning,Medium,11.78,31.1,61.6,0,0
2024-12-05,P439,B,355,Evening,High,15.97,17.0,33.6,0,0
2024-12-06,P440,A,380,Night,Low,8.71,19.0,82.3,0,0
2024-12-07,P441,B,436,Evening,Low,8.29,39.4,50.2,0,0
2024-12-08,P442,A,388,Evening,Low,7.73,34.7,69.5,0,0
2024-12-09,P443,C,246,Night,High,12.47,28.9,73.2,0,0
2024-12-10,P444,C,396,Evening,High,8.43,39.9,88.5,0,0
2024-12-11,P445,C,221,Evening,High,14.75,20.0,70.8,0,0
2024-12-12,P446,C,296,Evening,High,6.08,15.8,45.5,0,0
2024-12-13,P447,B,456,Morning,Low,11.94,36.7,73.6,0,0
2024-12-14,P448,B,252,Evening,High,16.14,25.6,50.8,0,0
2024-12-15,P449,A,458,Night,Low,10.57,39.7,32.4,0,0
2024-12-16,P450,A,326,Night,Medium,18.01,29.5,56.3,0,0
2024-12-17,P451,B,468,Night,High,15.88,27.2,82.4,0,0
2024-12-18,P452,A,386,Evening,Medium,18.51,25.5,46.6,0,0
2024-12-19,P453,B,409,Evening,High,13.89,37.8,42.6,0,0
2024-12-20,P454,C,226,Night,High,14.34,30.8,74.0,0,0
2024-12-21,P455,B,233,Evening,Low,6.97,32.9,84.5,0,0
2024-12-22,P456,C,397,Evening,Medium,7.7,20.9,88.3,0,0
2024-12-23,P457,C,276,Evening,Low,7.71,36.4,59.5,0,0
2024-12-24,P458,C,272,Evening,Medium,8.71,36.8,56.7,0,0
2024-12-25,P459,C,400,Morning,High,12.72,24.0,65.6,0,0
2024-12-26,P460,C,243,Evening,High,7.45,24.8,88.2,0,0
2024-12-27,P461,B,368,Morning,High,8.87,31.4,49.5,0,0
2024-12-28,P462,C,469,Morning,High,16.6,18.3,88.2,0,0
2024-12-29,P463,C,416,Night,Medium,11.81,20.9,34.4,0,0
2024-12-30,P464,A,385,Evening,Low,7.55,28.0,50.2,0,0
2024-12-31,P465,A,374,Evening,Low,17.43,25.8,44.9,0,0
2025-01-01,P466,A,270,Morning,Low,14.26,32.7,40.0,0,0
2025-01-02,P467,B,251,Night,High,7.51,15.9,74.2,0,0
2025-01-03,P468,C,469,Morning,High,14.96,26.9,80.7,0,0
2025-01-04,P469,B,267,Night,Medium,17.09,29.6,82.1,0,0
2025-01-05,P470,A,283,Morning,High,8.09,17.8,46.2,0,0
2025-01-06,P471,C,284,Night,Medium,5.86,28.3,86.2,0,0
2025-01-07,P472,A,410,Evening,High,5.59,18.1,57.1,0,0
2025-01-08,P473,C,321,Evening,High,19.01,22.9,60.4,0,0
2025-01-09,P474,B,429,Morning,High,5.62,18.7,89.2,0,0
2025-01-10,P475,A,358,Evening,Low,19.48,15.1,87.1,0,0
2025-01-11,P476,B,492,Evening,Medium,14.59,36.7,57.3,0,0
2025-01-12,P477,B,395,Night,High,12.73,27.2,70.0,0,0
2025-01-13,P478,B,282,Morning,High,7.09,15.7,48.5,0,0
2025-01-14,P479,A,328,Morning,High,15.57,20.0,70.4,0,0
2025-01-15,P480,B,390,Night,Low,19.55,17.3,70.4,0,0
2025-01-16,P481,C,464,Morning,Medium,11.66,36.7,40.6,0,0
2025-01-17,P482,A,282,Evening,Medium,15.39,36.0,86.7,0,23
2025-01-18,P483,C,275,Evening,Low,15.25,27.4,67.1,23,0
2025-01-19,P484,A,430,Evening,Low,18.03,29.3,31.8,0,0
2025-01-20,P485,B,227,Evening,High,18.96,32.2,70.6,0,16
2025-01-21,P486,B,320,Evening,Low,8.24,31.5,53.6,16,0
2025-01-22,P487,B,314,Morning,Medium,14.77,17.7,69.5,0,0
2025-01-23,P488,A,371,Morning,Low,19.99,16.2,88.6,0,0
2025-01-24,P489,A,346,Evening,High,11.1,36.8,76.9,0,0
2025-01-25,P490,A,440,Evening,High,13.51,33.5,82.7,0,0
2025-01-26,P491,A,240,Morning,Medium,11.06,23.2,70.1,0,0
2025-01-27,P492,A,276,Night,High,17.12,34.1,77.9,0,19
2025-01-28,P493,C,470,Evening,Low,11.53,35.4,37.2,19,0
2025-01-29,P494,B,321,Evening,Low,13.17,15.1,49.5,0,0
2025-01-30,P495,A,322,Evening,High,10.5,24.9,71.7,0,0
2025-01-31,P496,C,434,Morning,Low,10.83,26.2,44.3,0,0
2025-02-01,P497,B,474,Morning,High,10.6,20.7,34.4,0,0
2025-02-02,P498,C,494,Morning,High,14.05,31.7,67.2,0,0
2025-02-03,P499,A,349,Evening,Low,11.95,24.5,81.8,0,0
2025-02-04,P500,C,380,Morning,High,12.79,27.0,31.5,0,0
2025-02-05,P501,B,295,Night,High,10.12,24.5,53.9,0,0
2025-02-06,P502,A,468,Evening,Low,13.7,28.3,66.5,0,0
2025-02-07,P503,C,478,Night,High,16.47,35.3,73.1,0,17
2025-02-08,P504,C,210,Evening,Medium,19.33,15.5,41.7,17,0
2025-02-09,P505,A,398,Evening,Medium,5.11,31.2,83.9,0,0
2025-02-10,P506,C,208,Evening,Low,8.65,38.2,33.6,0,0
2025-02-11,P507,B,323,Night,High,19.02,23.8,36.1,0,0
2025-02-12,P508,C,253,Night,High,12.29,21.4,47.1,0,0
2025-02-13,P509,B,268,Morning,Medium,9.61,35.1,62.3,0,0
2025-02-14,P510,C,373,Night,Low,9.67,30.3,73.0,0,0
2025-02-15,P511,C,437,Night,Medium,9.09,25.3,37.3,0,0
2025-02-16,P512,C,293,Morning,Low,7.72,32.0,40.9,0,0
2025-02-17,P513,C,434,Morning,Medium,12.88,32.7,36.4,0,0
2025-02-18,P514,A,222,Morning,Low,13.51,21.4,87.8,0,0
2025-02-19,P515,B,358,Night,Medium,12.25,35.1,63.0,0,0
2025-02-20,P516,C,442,Evening,Low,5.65,30.8,87.1,0,0
2025-02-21,P517,C,297,Evening,Medium,14.02,35.5,83.1,0,0
2025-02-22,P518,A,369,Evening,Low,8.42,20.3,66.7,0,0
2025-02-23,P519,B,423,Evening,High,11.17,36.0,84.0,0,0
2025-02-24,P520,B,397,Evening,Low,10.3,20.9,76.8,0,0
2025-02-25,P521,B,454,Evening,High,9.12,35.6,55.4,0,0
2025-02-26,P522,B,242,Night,Medium,15.01,17.4,67.4,0,0
2025-02-27,P523,A,420,Night,Low,11.78,29.7,40.1,0,0
2025-02-28,P524,C,350,Evening,Low,16.05,36.6,43.0,0,0
2025-03-01,P525,A,367,Night,Medium,6.44,15.6,68.5,0,0
2025-03-02,P526,B,428,Night,High,14.11,28.7,43.9,0,0
2025-03-03,P527,B,285,Night,Medium,10.86,29.9,59.8,0,0
2025-03-04,P528,B,428,Morning,High,19.82,18.4,71.7,0,0
2025-03-05,P529,B,422,Evening,High,11.06,25.7,73.1,0,0
2025-03-06,P530,A,238,Night,High,15.39,39.8,37.7,0,0
2025-03-07,P531,B,386,Night,High,6.56,33.1,64.7,0,0
2025-03-08,P532,C,281,Morning,Low,9.11,17.0,35.1,0,0
2025-03-09,P533,C,424,Morning,Low,18.41,19.8,49.4,0,0
2025-03-10,P534,A,320,Night,Medium,8.4,23.9,34.2,0,0
2025-03-11,P535,B,396,Night,Low,12.79,16.7,78.0,0,0
2025-03-12,P536,C,278,Night,Medium,8.51,28.5,82.8,0,0
2025-03-13,P537,B,390,Evening,Low,14.76,28.3,49.5,0,0
2025-03-14,P538,C,270,Night,Medium,10.0,31.7,89.6,0,0
2025-03-15,P539,B,360,Night,Medium,14.93,28.9,73.8,0,0
2025-03-16,P540,A,258,Morning,High,11.98,16.5,63.7,0,0
2025-03-17,P541,A,455,Night,Medium,19.36,19.4,71.4,0,0
2025-03-18,P542,C,260,Evening,Medium,8.01,28.4,35.8,0,0
2025-03-19,P543,C,428,Morning,High,11.76,33.9,50.9,0,0
2025-03-20,P544,B,451,Morning,Low,14.97,34.9,85.6,0,0
2025-03-21,P545,A,237,Evening,Low,8.52,25.0,39.1,0,0
2025-03-22,P546,C,427,Morning,High,19.89,38.2,62.4,0,23
2025-03-23,P547,B,377,Night,Low,17.63,28.0,67.4,23,0
2025-03-24,P548,C,477,Evening,Medium,6.34,33.9,37.7,0,0
2025-03-25,P549,A,289,Evening,High,17.39,34.6,72.5,0,17
2025-03-26,P550,A,262,Morning,Low,5.54,22.6,45.8,17,0
2025-03-27,P551,A,452,Morning,Medium,10.4,17.2,86.2,0,0
2025-03-28,P552,C,493,Evening,Medium,13.31,22.6,53.8,0,0
2025-03-29,P553,C,266,Night,Low,11.71,30.0,60.9,0,0
2025-03-30,P554,A,358,Evening,High,18.79,27.4,89.5,0,0
2025-03-31,P555,C,445,Night,Medium,17.77,20.2,85.8,0,0
2025-04-01,P556,B,494,Morning,Low,6.75,35.4,52.8,0,0
2025-04-02,P557,B,237,Evening,Medium,18.17,36.7,78.4,0,25
2025-04-03,P558,C,464,Evening,Low,16.85,22.6,34.9,25,0
2025-04-04,P559,C,500,Morning,Low,11.04,19.3,71.7,0,0
2025-04-05,P560,B,457,Morning,Low,10.19,39.4,68.5,0,0
2025-04-06,P561,C,278,Evening,Low,17.34,18.3,81.7,0,0
2025-04-07,P562,A,365,Night,Low,18.84,27.2,66.4,0,0
2025-04-08,P563,B,465,Evening,Low,16.47,19.4,60.2,0,0
2025-04-09,P564,B,300,Night,High,10.98,18.7,52.1,0,0
2025-04-10,P565,B,264,Night,Medium,6.02,15.6,38.1,0,0
2025-04-11,P566,C,473,Morning,High,19.45,28.7,87.9,0,0
2025-04-12,P567,C,286,Night,High,11.49,22.8,60.4,0,0
2025-04-13,P568,A,287,Night,High,11.59,17.6,68.4,0,0
2025-04-14,P569,C,372,Night,Low,8.24,30.5,69.0,0,0
2025-04-15,P570,A,241,Morning,High,7.28,16.5,76.8,0,0
2025-04-16,P571,C,335,Night,Low,11.9,16.5,89.7,0,0
2025-04-17,P572,C,413,Night,High,5.87,32.4,89.0,0,0
2025-04-18,P573,A,454,Night,High,8.59,18.6,37.3,0,0
2025-04-19,P574,B,354,Evening,Low,9.55,17.5,71.5,0,0
2025-04-20,P575,C,407,Evening,Medium,5.93,27.7,89.8,0,0
2025-04-21,P576,A,230,Morning,Medium,17.21,30.4,48.4,0,0
2025-04-22,P577,B,447,Evening,Low,14.36,28.2,55.6,0,0
2025-04-23,P578,B,273,Evening,High,6.96,37.2,57.0,0,0
2025-04-24,P579,B,376,Evening,Low,7.92,24.2,54.8,0,0
2025-04-25,P580,B,463,Night,Low,17.41,33.3,76.2,0,17
2025-04-26,P581,B,323,Evening,Low,5.17,25.4,58.9,17,0
2025-04-27,P582,B,430,Morning,Low,5.29,21.5,75.6,0,0
2025-04-28,P583,A,225,Evening,Medium,7.06,28.4,42.9,0,0
2025-04-29,P584,C,414,Morning,Low,5.18,21.0,88.6,0,0
2025-04-30,P585,B,495,Night,Medium,17.02,39.0,59.3,0,0
2025-05-01,P586,A,281,Evening,High,6.65,28.7,57.3,0,0
2025-05-02,P587,B,455,Evening,Medium,17.67,17.5,59.3,0,0
2025-05-03,P588,A,246,Evening,High,7.25,23.1,74.2,0,0
2025-05-04,P589,B,323,Morning,High,12.14,24.4,53.7,0,0
2025-05-05,P590,B,224,Morning,Medium,11.89,34.6,83.5,0,0
2025-05-06,P591,B,440,Evening,High,19.33,34.7,48.9,0,0
2025-05-07,P592,A,255,Evening,Low,15.32,25.9,45.3,0,0
2025-05-08,P593,B,387,Evening,Medium,17.61,16.0,84.1,0,0
2025-05-09,P594,A,405,Morning,High,11.92,30.9,69.6,0,0
2025-05-10,P595,C,299,Evening,High,18.43,30.9,66.8,0,11
2025-05-11,P596,B,237,Evening,High,6.0,28.0,39.0,11,0
2025-05-12,P597,B,481,Evening,High,16.06,27.8,70.8,0,0
2025-05-13,P598,C,260,Morning,Low,5.63,17.1,73.0,0,0
2025-05-14,P599,B,391,Evening,High,6.08,16.8,30.7,0,0
2025-05-15,P600,B,273,Morning,High,19.35,33.4,51.2,0,0
2025-05-16,P601,C,405,Night,Low,9.45,23.7,76.5,0,0
2025-05-17,P602,A,219,Morning,High,14.92,19.6,40.4,0,0
2025-05-18,P603,B,442,Night,Medium,6.48,31.5,75.9,0,0
2025-05-19,P604,A,463,Morning,Medium,8.98,15.5,34.9,0,0
2025-05-20,P605,C,363,Morning,Medium,19.52,22.4,76.2,0,0
2025-05-21,P606,C,353,Night,Medium,14.37,24.5,42.3,0,0
2025-05-22,P607,C,460,Night,Medium,6.82,30.4,76.5,0,0
2025-05-23,P608,C,488,Evening,Medium,14.66,28.3,32.5,0,0
2025-05-24,P609,A,388,Evening,High,19.53,35.0,47.6,0,0
2025-05-25,P610,A,413,Night,Medium,19.7,30.0,64.9,0,0
2025-05-26,P611,C,213,Night,Medium,16.22,35.3,69.4,0,15
2025-05-27,P612,B,496,Night,Low,6.92,23.5,85.7,15,0
2025-05-28,P613,C,226,Night,Medium,8.37,24.3,55.9,0,0
2025-05-29,P614,A,468,Night,High,11.59,30.3,86.6,0,0
2025-05-30,P615,C,394,Morning,High,8.61,18.0,41.8,0,0
2025-05-31,P616,A,216,Night,High,18.3,31.1,47.2,0,0
2025-06-01,P617,A,297,Morning,Medium,17.24,36.5,80.8,0,24
2025-06-02,P618,B,414,Morning,Medium,18.78,21.3,75.3,24,0
2025-06-03,P619,C,304,Evening,High,11.91,36.0,73.7,0,0
2025-06-04,P620,C,441,Night,High,16.65,31.4,40.6,0,0
2025-06-05,P621,A,270,Night,Low,13.18,39.6,86.2,0,0
2025-06-06,P622,C,366,Night,Medium,5.65,19.1,37.9,0,0
2025-06-07,P623,C,392,Evening,Low,15.89,35.4,42.8,0,0
2025-06-08,P624,B,472,Evening,High,12.59,36.0,74.0,0,0
2025-06-09,P625,B,335,Night,Medium,13.13,29.8,60.5,0,0
2025-06-10,P626,A,326,Evening,High,9.46,29.1,71.3,0,0
2025-06-11,P627,B,315,Evening,Medium,18.1,30.9,75.7,0,15
2025-06-12,P628,C,306,Night,High,7.4,26.5,30.6,15,0
2025-06-13,P629,B,362,Evening,Medium,8.7,33.2,89.5,0,0
2025-06-14,P630,C,340,Evening,Low,6.49,25.0,78.0,0,0
2025-06-15,P631,C,478,Evening,Medium,8.06,28.9,74.0,0,0
2025-06-16,P632,B,274,Evening,Low,14.24,19.7,51.3,0,0
2025-06-17,P633,B,240,Evening,Medium,16.76,28.9,30.3,0,0
2025-06-18,P634,C,331,Night,Medium,16.41,15.9,74.7,0,0
2025-06-19,P635,A,303,Night,Medium,8.04,39.0,52.1,0,0
2025-06-20,P636,C,339,Morning,Low,9.9,18.7,48.3,0,0
2025-06-21,P637,C,500,Morning,Low,18.15,39.9,52.1,0,0
2025-06-22,P638,A,471,Morning,High,11.73,33.1,83.2,0,0
2025-06-23,P639,A,226,Morning,Medium,13.9,24.8,54.8,0,0
2025-06-24,P640,B,441,Morning,High,15.43,15.1,67.2,0,0
2025-06-25,P641,A,202,Night,Low,10.33,34.9,35.6,0,0
2025-06-26,P642,B,443,Evening,High,13.82,27.0,68.5,0,0
2025-06-27,P643,A,347,Evening,Medium,5.97,29.5,63.7,0,0
2025-06-28,P644,C,230,Morning,High,13.41,30.1,70.6,0,0
2025-06-29,P645,C,318,Night,High,17.07,21.7,79.5,0,0
2025-06-30,P646,C,219,Morning,Medium,12.47,16.9,33.5,0,0
2025-07-01,P647,A,218,Evening,Medium,10.01,34.6,72.5,0,0
2025-07-02,P648,A,348,Morning,Low,16.83,27.9,56.4,0,0
2025-07-03,P649,B,490,Night,Low,7.21,23.2,56.0,0,0
2025-07-04,P650,B,345,Evening,High,6.33,20.5,65.9,0,0
2025-07-05,P651,C,468,Evening,Low,16.03,40.0,86.0,0,30
2025-07-06,P652,C,439,Evening,Low,14.64,25.5,68.2,30,0
2025-07-07,P653,A,369,Morning,High,16.78,18.0,54.6,0,0
2025-07-08,P654,B,331,Night,Low,17.6,24.6,64.3,0,0
2025-07-09,P655,A,372,Evening,High,13.82,19.6,51.7,0,0
2025-07-10,P656,C,298,Morning,High,10.02,15.7,31.5,0,0
2025-07-11,P657,C,407,Evening,High,17.48,21.8,61.1,0,0
2025-07-12,P658,B,244,Evening,High,9.48,38.5,45.6,0,0
2025-07-13,P659,A,294,Morning,Medium,11.44,36.8,80.5,0,0
2025-07-14,P660,B,327,Morning,Medium,7.79,35.1,57.5,0,0
2025-07-15,P661,B,320,Evening,Medium,12.24,18.3,34.8,0,0
2025-07-16,P662,B,354,Night,High,15.92,27.4,56.2,0,0
2025-07-17,P663,C,205,Evening,High,15.94,34.1,39.5,0,0
2025-07-18,P664,B,320,Morning,High,14.15,18.4,75.1,0,0
2025-07-19,P665,A,438,Evening,Low,14.85,38.9,34.1,0,0
2025-07-20,P666,B,457,Night,Medium,5.86,22.1,45.7,0,0
2025-07-21,P667,C,260,Night,Medium,8.7,37.7,45.0,0,0
2025-07-22,P668,B,313,Morning,Low,9.08,34.0,57.0,0,0
2025-07-23,P669,B,278,Evening,High,16.65,16.6,59.3,0,0
2025-07-24,P670,C,391,Evening,High,5.5,16.6,84.4,0,0
2025-07-25,P671,C,441,Night,High,7.09,28.3,54.7,0,0
2025-07-26,P672,A,326,Night,High,10.21,37.5,31.3,0,0
2025-07-27,P673,A,469,Evening,High,14.96,39.1,63.6,0,0
2025-07-28,P674,C,385,Morning,High,19.05,16.3,55.1,0,0
2025-07-29,P675,A,231,Night,High,8.9,33.3,88.9,0,0
2025-07-30,P676,A,493,Night,Low,8.85,31.4,41.9,0,0
2025-07-31,P677,A,367,Night,Medium,13.48,26.6,88.3,0,0
2025-08-01,P678,A,305,Night,High,14.13,23.7,36.8,0,0
2025-08-02,P679,B,246,Night,Medium,7.27,20.6,45.1,0,0
2025-08-03,P680,A,432,Morning,High,17.76,29.0,61.4,0,0
2025-08-04,P681,B,433,Night,Low,6.72,36.5,73.4,0,0
2025-08-05,P682,C,436,Night,Medium,6.02,32.7,62.6,0,0
2025-08-06,P683,C,211,Evening,Medium,6.23,26.5,59.1,0,0
2025-08-07,P684,A,311,Night,Low,7.49,38.6,81.0,0,0
2025-08-08,P685,A,416,Evening,High,15.04,26.6,54.7,0,0
2025-08-09,P686,A,477,Morning,Low,14.76,28.6,33.7,0,0
2025-08-10,P687,B,216,Evening,Medium,12.69,35.2,57.6,0,0
2025-08-11,P688,A,269,Night,High,5.78,34.7,42.1,0,0
2025-08-12,P689,C,415,Evening,Medium,8.88,19.1,49.8,0,0
2025-08-13,P690,B,393,Evening,Low,16.35,28.0,42.3,0,0
2025-08-14,P691,C,476,Morning,High,18.17,37.0,82.2,0,27
2025-08-15,P692,B,260,Morning,High,8.58,26.3,89.1,27,0
2025-08-16,P693,B,470,Morning,High,16.58,15.7,33.9,0,0
2025-08-17,P694,A,201,Morning,Medium,11.96,37.7,62.3,0,0
2025-08-18,P695,B,478,Evening,High,12.47,17.6,69.4,0,0
2025-08-19,P696,B,317,Morning,Medium,17.33,24.5,76.5,0,0
2025-08-20,P697,B,279,Evening,Low,19.47,20.1,61.4,0,0
2025-08-21,P698,C,257,Morning,High,9.31,34.8,64.7,0,0
2025-08-22,P699,B,208,Morning,Low,14.52,34.9,53.8,0,0
2025-08-23,P700,A,251,Night,Low,18.73,28.3,39.5,0,0
2025-08-24,P701,B,224,Morning,High,15.44,34.8,49.0,0,0
2025-08-25,P702,A,405,Evening,Low,17.86,37.7,46.6,0,0
2025-08-26,P703,C,311,Morning,Low,19.75,18.5,42.1,0,0
2025-08-27,P704,C,348,Morning,High,7.76,37.3,69.3,0,0
2025-08-28,P705,C,363,Night,High,7.28,26.0,66.9,0,0
2025-08-29,P706,C,364,Morning,Medium,6.25,37.1,78.2,0,0
2025-08-30,P707,A,466,Morning,Medium,12.58,39.2,55.1,0,0
2025-08-31,P708,B,340,Morning,High,19.76,31.7,68.1,0,16
2025-09-01,P709,C,289,Night,High,7.49,37.0,55.6,16,0
2025-09-02,P710,B,484,Evening,Low,7.43,15.3,63.6,0,0
2025-09-03,P711,B,395,Night,Medium,12.91,33.0,83.4,0,0
2025-09-04,P712,C,413,Evening,Low,6.19,33.3,41.2,0,0
2025-09-05,P713,B,392,Morning,High,17.87,35.5,62.4,0,15
2025-09-06,P714,B,323,Morning,Medium,15.65,22.9,58.3,15,0
2025-09-07,P715,C,273,Evening,Low,17.32,26.5,51.5,0,0
2025-09-08,P716,C,411,Evening,High,12.41,35.7,50.1,0,0
2025-09-09,P717,C,268,Evening,Low,7.61,32.8,79.6,0,0
2025-09-10,P718,B,304,Evening,High,6.51,21.0,38.5,0,0
2025-09-11,P719,A,430,Evening,Low,10.22,26.3,74.9,0,0
2025-09-12,P720,C,297,Morning,Medium,14.77,30.5,51.1,0,0
2025-09-13,P721,B,220,Morning,Low,17.62,26.8,88.7,0,0
2025-09-14,P722,C,486,Morning,Medium,14.51,18.2,70.6,0,0
2025-09-15,P723,A,370,Evening,Low,9.88,32.2,34.2,0,0
2025-09-16,P724,A,297,Night,Low,7.62,36.4,43.6,0,0
2025-09-17,P725,C,445,Morning,High,17.56,22.0,68.6,0,0
2025-09-18,P726,C,304,Evening,Low,15.41,27.8,48.3,0,0
2025-09-19,P727,C,364,Evening,Medium,8.19,15.8,48.2,0,0
2025-09-20,P728,B,473,Night,Medium,14.8,38.5,82.3,0,0
2025-09-21,P729,B,333,Evening,High,16.49,34.7,69.9,0,14
2025-09-22,P730,B,438,Morning,High,8.9,37.7,70.2,14,0
2025-09-23,P731,B,363,Morning,Medium,13.41,17.8,56.8,0,0
2025-09-24,P732,B,411,Morning,High,11.91,36.6,62.8,0,0
2025-09-25,P733,A,274,Morning,Medium,10.71,39.4,36.6,0,0
2025-09-26,P734,C,499,Night,High,11.34,16.1,74.4,0,0
2025-09-27,P735,B,351,Morning,Low,18.77,22.0,81.5,0,0
2025-09-28,P736,B,317,Evening,High,9.38,37.8,75.2,0,0
2025-09-29,P737,A,455,Night,High,17.07,15.5,87.8,0,0
2025-09-30,P738,C,372,Evening,Medium,15.9,22.6,79.8,0,0
2025-10-01,P739,C,451,Evening,Low,9.22,36.8,36.8,0,0
2025-10-02,P740,C,380,Morning,Low,15.56,28.5,35.8,0,0
2025-10-03,P741,C,479,Evening,Low,8.63,15.3,58.1,0,0
2025-10-04,P742,C,230,Night,Low,9.52,30.0,47.8,0,0
2025-10-05,P743,A,224,Morning,Medium,9.5,33.6,32.9,0,0
2025-10-06,P744,A,318,Morning,High,18.54,36.3,70.1,0,21
2025-10-07,P745,A,204,Morning,High,13.9,37.3,41.1,21,0
2025-10-08,P746,B,391,Morning,High,6.18,21.0,77.7,0,0
2025-10-09,P747,C,447,Night,Medium,5.52,29.6,89.7,0,0
2025-10-10,P748,A,203,Night,High,17.84,28.0,33.8,0,0
2025-10-11,P749,B,206,Morning,High,17.47,30.0,36.9,0,0
2025-10-12,P750,C,340,Night,Medium,6.41,37.7,70.2,0,0
2025-10-13,P751,A,457,Night,High,17.44,37.0,64.3,0,17
2025-10-14,P752,B,291,Morning,Low,12.76,25.8,49.0,17,0
2025-10-15,P753,C,276,Morning,Low,11.52,34.3,66.1,0,0
2025-10-16,P754,C,469,Evening,Medium,18.39,26.1,66.4,0,0
2025-10-17,P755,B,403,Morning,Medium,14.47,29.8,72.2,0,0
2025-10-18,P756,B,435,Night,Low,8.56,27.8,36.3,0,0
2025-10-19,P757,C,315,Evening,High,10.77,27.2,69.1,0,0
2025-10-20,P758,A,216,Morning,Medium,19.26,30.0,74.6,0,0
2025-10-21,P759,B,393,Night,Medium,12.59,30.9,34.3,0,0
2025-10-22,P760,A,204,Night,Low,8.82,24.0,58.3,0,0
2025-10-23,P761,A,455,Evening,High,5.68,18.5,46.6,0,0
2025-10-24,P762,B,489,Morning,High,19.57,23.3,58.9,0,0
2025-10-25,P763,A,317,Morning,High,7.94,30.3,46.8,0,0
2025-10-26,P764,C,443,Evening,Low,8.1,27.9,30.3,0,0
2025-10-27,P765,A,343,Night,High,5.11,20.5,32.2,0,0
2025-10-28,P766,C,216,Morning,Medium,6.62,23.5,78.2,0,0
2025-10-29,P767,A,306,Night,Low,13.58,27.8,47.6,0,0
2025-10-30,P768,C,403,Morning,Medium,18.98,24.9,35.2,0,0
2025-10-31,P769,A,488,Morning,High,14.26,17.8,50.7,0,0
2025-11-01,P770,B,476,Evening,Medium,12.61,36.9,59.6,0,0
2025-11-02,P771,C,271,Night,High,15.53,39.8,37.9,0,0
2025-11-03,P772,A,456,Night,Medium,9.12,24.9,55.3,0,0
2025-11-04,P773,A,250,Evening,Low,11.17,37.7,72.8,0,0
2025-11-05,P774,A,374,Night,High,14.12,22.7,79.4,0,0
2025-11-06,P775,C,403,Evening,Low,19.33,35.5,30.1,0,0
2025-11-07,P776,C,339,Evening,Medium,14.55,16.3,45.5,0,0
2025-11-08,P777,A,382,Night,Medium,5.89,30.1,71.2,0,0
2025-11-09,P778,B,295,Night,High,6.72,24.6,57.4,0,0
2025-11-10,P779,C,394,Morning,High,10.54,18.0,55.1,0,0
2025-11-11,P780,B,326,Night,Low,16.27,16.8,34.8,0,0
2025-11-12,P781,A,337,Morning,Medium,10.32,38.5,70.1,0,0
2025-11-13,P782,C,278,Night,Medium,15.18,24.0,65.6,0,0
2025-11-14,P783,B,384,Morning,Low,5.15,30.9,84.8,0,0
2025-11-15,P784,A,357,Evening,Medium,14.19,36.8,73.4,0,0
2025-11-16,P785,B,252,Morning,Low,6.81,37.6,34.0,0,0
2025-11-17,P786,A,420,Evening,High,13.01,18.6,30.7,0,0
2025-11-18,P787,C,462,Evening,Low,11.33,22.4,59.2,0,0
2025-11-19,P788,A,245,Evening,High,13.66,16.1,37.4,0,0
2025-11-20,P789,A,366,Evening,Low,13.38,23.6,73.8,0,0
2025-11-21,P790,B,411,Evening,Low,14.78,36.1,71.5,0,0
2025-11-22,P791,C,486,Morning,High,11.45,31.8,46.5,0,0
2025-11-23,P792,C,286,Night,Medium,9.59,34.7,56.8,0,0
2025-11-24,P793,A,271,Evening,Medium,16.98,35.6,81.5,0,23
2025-11-25,P794,B,452,Morning,Low,18.75,25.8,49.1,23,0
2025-11-26,P795,A,422,Evening,Medium,13.73,24.3,66.1,0,0
2025-11-27,P796,B,447,Morning,Medium,15.58,32.2,52.5,0,0
2025-11-28,P797,B,326,Night,High,7.5,25.8,38.6,0,0
2025-11-29,P798,B,300,Evening,Low,18.35,23.6,39.3,0,0
2025-11-30,P799,A,355,Morning,Medium,5.38,31.1,68.2,0,0
2025-12-01,P800,B,394,Evening,Medium,10.11,16.8,54.6,0,0
2025-12-02,P801,B,420,Night,High,9.67,31.9,66.3,0,0
2025-12-03,P802,A,353,Evening,High,10.47,20.4,89.3,0,0
2025-12-04,P803,C,302,Evening,Medium,11.81,32.2,38.4,0,0
2025-12-05,P804,A,403,Evening,Medium,12.28,15.7,60.3,0,0
2025-12-06,P805,C,451,Night,Low,19.46,24.6,32.3,0,0
2025-12-07,P806,B,392,Evening,Medium,5.46,24.7,39.6,0,0
2025-12-08,P807,B,258,Night,Low,5.35,33.9,57.5,0,0
2025-12-09,P808,C,479,Morning,High,9.34,37.5,37.0,0,0
2025-12-10,P809,C,213,Night,Medium,19.34,22.8,83.3,0,0
2025-12-11,P810,C,307,Evening,Medium,14.04,35.7,89.0,0,0
2025-12-12,P811,C,235,Evening,High,9.33,39.0,53.4,0,0
2025-12-13,P812,B,271,Night,Medium,10.78,23.5,62.5,0,0
2025-12-14,P813,A,329,Night,Low,7.31,28.8,62.5,0,0
2025-12-15,P814,C,416,Evening,Low,16.43,35.8,56.4,0,0
2025-12-16,P815,B,445,Night,Medium,9.53,21.5,41.7,0,0
2025-12-17,P816,C,459,Night,Medium,5.86,23.6,46.2,0,0
2025-12-18,P817,C,218,Evening,High,19.5,28.9,50.8,0,0
2025-12-19,P818,C,243,Morning,Low,13.71,18.5,56.6,0,0
2025-12-20,P819,C,381,Morning,High,14.39,27.2,54.1,0,0
2025-12-21,P820,C,222,Night,High,19.91,37.0,67.4,0,24
2025-12-22,P821,C,404,Evening,Medium,13.54,30.5,42.1,24,0
2025-12-23,P822,A,205,Morning,Medium,10.93,16.0,58.5,0,0
2025-12-24,P823,A,461,Night,High,13.15,20.7,87.8,0,0
2025-12-25,P824,C,497,Night,High,18.64,33.1,62.0,0,12
2025-12-26,P825,A,428,Evening,Medium,18.05,18.3,77.4,12,0
2025-12-27,P826,B,456,Morning,Medium,6.87,34.9,46.5,0,0
2025-12-28,P827,A,447,Morning,Medium,18.16,38.6,38.9,0,0
2025-12-29,P828,B,243,Morning,High,11.94,39.5,59.0,0,0
2025-12-30,P829,A,378,Evening,Medium,17.95,29.7,52.5,0,0
2025-12-31,P830,B,305,Night,Medium,9.29,20.1,75.7,0,0
2026-01-01,P831,B,443,Morning,Medium,10.8,27.8,59.5,0,0
2026-01-02,P832,C,431,Evening,Low,13.66,36.6,88.8,0,0
2026-01-03,P833,B,222,Night,Low,11.11,35.7,75.9,0,0
2026-01-04,P834,A,375,Night,Low,13.6,38.9,42.0,0,0
2026-01-05,P835,C,284,Night,Low,6.64,36.3,56.3,0,0
2026-01-06,P836,C,289,Night,Low,17.7,37.3,33.7,0,0
2026-01-07,P837,B,486,Evening,Medium,18.25,26.2,60.6,0,0
2026-01-08,P838,A,407,Night,Low,14.4,38.2,31.1,0,0
2026-01-09,P839,A,421,Evening,Low,12.15,32.2,73.4,0,0
2026-01-10,P840,C,301,Evening,High,15.39,18.4,48.0,0,0
2026-01-11,P841,B,399,Morning,High,10.38,35.1,46.7,0,0
2026-01-12,P842,A,305,Evening,High,8.16,38.9,30.5,0,0
2026-01-13,P843,A,495,Morning,High,19.97,31.9,79.7,0,22
2026-01-14,P844,A,387,Evening,Low,9.42,15.4,74.3,22,0
2026-01-15,P845,B,258,Evening,High,17.51,33.5,38.6,0,0
2026-01-16,P846,B,470,Night,Medium,16.3,34.2,69.5,0,13
2026-01-17,P847,C,398,Night,Medium,16.49,36.1,66.8,13,15
2026-01-18,P848,C,258,Evening,Medium,6.33,27.2,34.7,15,0
2026-01-19,P849,B,288,Night,High,11.11,25.2,34.0,0,0
2026-01-20,P850,B,243,Night,Low,10.23,17.8,78.5,0,0
2026-01-21,P851,B,260,Morning,Medium,19.22,16.8,87.3,0,0
2026-01-22,P852,A,293,Evening,High,12.84,22.5,34.6,0,0
2026-01-23,P853,A,461,Evening,Medium,12.51,34.9,72.4,0,0
2026-01-24,P854,C,270,Night,Medium,5.75,16.8,54.2,0,0
2026-01-25,P855,B,295,Evening,High,9.43,20.8,46.9,0,0
2026-01-26,P856,C,288,Night,Low,17.05,38.2,54.3,0,0
2026-01-27,P857,B,347,Morning,Low,18.59,23.0,58.6,0,0
2026-01-28,P858,B,430,Night,Low,8.39,31.0,88.7,0,0
2026-01-29,P859,B,204,Evening,Low,14.05,23.9,68.9,0,0
2026-01-30,P860,A,396,Night,High,6.84,37.2,60.2,0,0
2026-01-31,P861,C,453,Evening,High,11.74,29.6,67.5,0,0
2026-02-01,P862,B,412,Night,Medium,6.08,32.1,44.5,0,0
2026-02-02,P863,B,285,Morning,High,15.71,35.6,78.2,0,18
2026-02-03,P864,A,312,Evening,Low,13.29,28.0,38.6,18,0
2026-02-04,P865,B,315,Night,Medium,16.63,21.8,59.8,0,0
2026-02-05,P866,A,434,Night,High,9.26,18.3,67.8,0,0
2026-02-06,P867,B,481,Night,Low,5.81,33.7,49.1,0,0
2026-02-07,P868,C,258,Evening,High,5.0,27.8,32.8,0,0
2026-02-08,P869,B,477,Morning,High,9.14,32.7,33.8,0,0
2026-02-09,P870,B,479,Morning,Medium,17.59,15.1,44.8,0,0
2026-02-10,P871,A,326,Evening,Low,16.11,22.9,36.1,0,0
2026-02-11,P872,B,334,Evening,Low,10.4,21.8,80.6,0,0
2026-02-12,P873,B,260,Morning,Low,9.7,34.7,83.5,0,0
2026-02-13,P874,C,379,Night,High,11.51,37.7,52.6,0,0
2026-02-14,P875,C,419,Morning,High,19.46,17.2,71.2,0,0
2026-02-15,P876,A,305,Morning,Low,12.41,24.7,68.0,0,0
2026-02-16,P877,C,379,Night,Medium,15.56,15.1,40.0,0,0
2026-02-17,P878,C,475,Morning,Medium,15.7,31.7,88.0,0,17
2026-02-18,P879,C,349,Evening,High,16.42,38.8,72.2,17,22
2026-02-19,P880,B,463,Night,Low,9.47,17.6,76.9,22,0
2026-02-20,P881,A,410,Morning,Medium,14.66,16.2,51.6,0,0
2026-02-21,P882,C,264,Night,Low,19.35,27.5,56.0,0,0
2026-02-22,P883,A,274,Night,Medium,11.87,20.2,52.1,0,0
2026-02-23,P884,A,401,Evening,Low,10.55,16.3,76.1,0,0
2026-02-24,P885,C,337,Night,Medium,11.25,35.6,81.0,0,0
2026-02-25,P886,B,431,Morning,High,8.18,31.4,58.3,0,0
2026-02-26,P887,A,406,Night,High,18.2,20.4,70.7,0,0
2026-02-27,P888,B,388,Evening,Medium,14.12,22.4,38.2,0,0
2026-02-28,P889,B,497,Morning,High,14.77,33.5,48.9,0,0
2026-03-01,P890,A,434,Night,High,14.67,24.9,72.8,0,0
2026-03-02,P891,C,383,Morning,High,7.99,37.3,47.2,0,0
2026-03-03,P892,B,311,Evening,Low,10.52,16.5,36.7,0,0
2026-03-04,P893,B,337,Evening,Medium,12.74,21.7,80.1,0,0
2026-03-05,P894,B,480,Night,Low,5.22,24.5,50.2,0,0
2026-03-06,P895,C,448,Evening,High,5.29,18.1,54.8,0,0
2026-03-07,P896,A,223,Morning,High,12.39,25.1,61.9,0,0
2026-03-08,P897,B,208,Morning,Low,13.93,15.2,57.8,0,0
2026-03-09,P898,B,433,Morning,Medium,19.45,28.0,70.7,0,0
2026-03-10,P899,A,267,Night,Medium,9.68,34.3,76.4,0,0
2026-03-11,P900,A,340,Morning,High,12.82,39.4,37.5,0,0
2026-03-12,P901,B,328,Morning,Medium,5.25,34.3,78.4,0,0
2026-03-13,P902,C,284,Morning,Medium,6.8,21.6,31.1,0,0
2026-03-14,P903,C,356,Night,High,9.4,34.3,61.1,0,0
2026-03-15,P904,A,419,Night,Low,10.22,24.3,30.1,0,0
2026-03-16,P905,C,248,Morning,Low,9.5,31.2,88.5,0,0
2026-03-17,P906,B,239,Morning,High,17.71,15.6,83.9,0,0
2026-03-18,P907,A,465,Night,Medium,16.75,34.5,57.5,0,0
2026-03-19,P908,A,204,Night,Medium,10.97,22.6,33.9,0,0
2026-03-20,P909,A,416,Night,Low,8.42,21.2,59.0,0,0
2026-03-21,P910,B,236,Morning,Medium,16.21,26.8,33.5,0,0
2026-03-22,P911,A,252,Morning,Medium,19.37,38.6,77.1,0,30
2026-03-23,P912,B,353,Morning,Medium,19.87,28.6,87.8,30,0
2026-03-24,P913,A,273,Morning,High,6.13,24.1,43.5,0,0
2026-03-25,P914,C,204,Night,High,7.94,18.5,67.3,0,0
2026-03-26,P915,A,425,Evening,High,16.72,29.5,38.8,0,0
2026-03-27,P916,A,277,Evening,High,17.17,30.9,53.3,0,0
2026-03-28,P917,C,426,Morning,Low,15.11,21.5,50.7,0,0
2026-03-29,P918,A,271,Morning,High,18.76,22.3,58.2,0,0
2026-03-30,P919,C,396,Evening,Medium,18.35,32.7,33.7,0,0
2026-03-31,P920,B,271,Morning,Medium,7.21,15.2,67.9,0,0
2026-04-01,P921,C,243,Morning,High,11.72,18.4,87.5,0,0
2026-04-02,P922,C,345,Night,Low,12.94,21.0,60.0,0,0
2026-04-03,P923,C,354,Morning,High,15.19,16.9,46.5,0,0
2026-04-04,P924,C,460,Morning,High,17.1,26.5,62.8,0,0
2026-04-05,P925,B,351,Night,Low,11.49,16.1,39.9,0,0
2026-04-06,P926,A,453,Evening,Low,11.68,20.2,33.0,0,0
2026-04-07,P927,A,455,Night,High,17.65,39.5,77.6,0,28
2026-04-08,P928,A,470,Morning,Medium,17.81,21.0,87.6,28,0
2026-04-09,P929,B,267,Evening,High,7.95,38.8,89.7,0,0
2026-04-10,P930,B,387,Night,High,15.68,39.5,64.2,0,17
2026-04-11,P931,A,441,Morning,Low,8.89,25.9,65.6,17,0
2026-04-12,P932,C,234,Morning,Medium,6.1,30.6,88.9,0,0
2026-04-13,P933,A,220,Morning,Medium,7.85,34.8,84.5,0,0
2026-04-14,P934,C,346,Night,High,19.16,39.0,61.3,0,22
2026-04-15,P935,C,412,Evening,High,19.66,33.9,39.7,22,0
2026-04-16,P936,B,242,Night,High,12.15,33.0,44.8,0,0
2026-04-17,P937,C,278,Evening,Low,14.61,31.7,39.8,0,0
2026-04-18,P938,B,240,Night,Low,13.48,34.3,59.9,0,0
2026-04-19,P939,A,474,Evening,Medium,5.18,15.2,51.4,0,0
2026-04-20,P940,C,233,Evening,High,18.89,20.7,68.1,0,0
2026-04-21,P941,B,322,Morning,Low,8.33,23.0,80.9,0,0
2026-04-22,P942,A,422,Morning,Medium,15.93,17.4,55.7,0,0
2026-04-23,P943,C,228,Evening,High,5.44,27.0,69.7,0,0
2026-04-24,P944,C,289,Morning,Low,6.78,22.2,53.9,0,0
2026-04-25,P945,C,270,Night,Low,18.79,39.8,32.7,0,0
2026-04-26,P946,A,454,Evening,High,16.42,24.3,53.5,0,0
2026-04-27,P947,C,332,Morning,Medium,16.31,38.0,87.1,0,28
2026-04-28,P948,A,337,Night,Low,13.66,23.9,77.3,28,0
2026-04-29,P949,A,371,Evening,Medium,8.77,29.1,51.5,0,0
2026-04-30,P950,C,232,Evening,High,14.85,21.0,41.5,0,0
2026-05-01,P951,C,239,Evening,Medium,18.77,17.5,60.4,0,0
2026-05-02,P952,C,384,Morning,Medium,8.31,16.0,32.2,0,0
2026-05-03,P953,C,285,Evening,Low,7.63,36.7,46.9,0,0
2026-05-04,P954,B,252,Night,High,19.26,29.5,56.2,0,0
2026-05-05,P955,C,259,Morning,High,13.7,27.9,75.5,0,0
2026-05-06,P956,C,201,Morning,Low,9.24,23.8,83.6,0,0
2026-05-07,P957,A,223,Evening,Medium,19.2,37.3,55.2,0,0
2026-05-08,P958,B,276,Morning,Low,16.71,26.9,59.9,0,0
2026-05-09,P959,C,414,Morning,Medium,8.07,29.8,41.2,0,0
2026-05-10,P960,A,413,Night,Medium,9.97,36.4,42.4,0,0
2026-05-11,P961,B,239,Night,Medium,6.07,16.7,86.4,0,0
2026-05-12,P962,A,457,Night,Low,12.6,25.2,78.7,0,0
2026-05-13,P963,A,314,Night,Low,17.54,23.3,71.6,0,0
2026-05-14,P964,B,235,Evening,Medium,16.57,31.4,39.1,0,0
2026-05-15,P965,B,367,Morning,High,18.14,28.5,46.9,0,0
2026-05-16,P966,B,204,Evening,Low,11.38,15.9,37.7,0,0
2026-05-17,P967,B,488,Evening,High,16.48,15.0,55.0,0,0
2026-05-18,P968,C,324,Evening,Medium,12.84,16.4,88.4,0,0
2026-05-19,P969,C,452,Morning,High,8.39,22.6,48.2,0,0
2026-05-20,P970,C,325,Morning,Low,8.46,15.0,73.8,0,0
2026-05-21,P971,B,212,Morning,High,19.5,20.6,69.8,0,0
2026-05-22,P972,B,204,Evening,Low,16.13,36.2,55.4,0,0
2026-05-23,P973,C,392,Night,High,9.54,23.1,72.8,0,0
2026-05-24,P974,B,253,Morning,High,17.25,19.5,52.3,0,0
2026-05-25,P975,A,414,Evening,Low,18.53,35.2,89.1,0,29
2026-05-26,P976,A,343,Morning,Low,16.31,24.8,65.4,29,0
2026-05-27,P977,A,466,Evening,High,14.92,17.0,62.7,0,0
2026-05-28,P978,B,434,Night,Low,15.64,19.2,76.8,0,0
2026-05-29,P979,C,248,Night,Low,13.76,38.8,32.5,0,0
2026-05-30,P980,C,401,Morning,High,8.98,30.0,47.8,0,0
2026-05-31,P981,C,231,Evening,High,15.72,34.0,36.2,0,0
2026-06-01,P982,A,321,Evening,Medium,12.71,27.7,52.2,0,0
2026-06-02,P983,B,401,Night,High,18.99,35.7,71.8,0,22
2026-06-03,P984,B,362,Evening,Medium,15.71,26.5,85.3,22,0
2026-06-04,P985,A,238,Morning,Low,15.42,33.2,81.7,0,16
2026-06-05,P986,C,255,Morning,Low,9.11,35.2,41.7,16,0
2026-06-06,P987,A,430,Evening,Medium,10.18,23.4,88.7,0,0
2026-06-07,P988,B,261,Night,Medium,17.85,32.5,73.6,0,16
2026-06-08,P989,A,431,Evening,Medium,13.43,38.7,59.8,16,0
2026-06-09,P990,B,261,Morning,Low,10.71,19.1,77.2,0,0
2026-06-10,P991,C,355,Night,High,16.02,24.6,31.5,0,0
2026-06-11,P992,C,220,Morning,Medium,17.58,15.3,72.2,0,0
2026-06-12,P993,A,246,Night,Low,19.55,25.9,44.1,0,0
2026-06-13,P994,B,402,Night,Low,15.57,35.4,62.8,0,10
2026-06-14,P995,C,353,Evening,Low,19.51,16.3,60.3,10,0
2026-06-15,P996,A,407,Evening,High,15.78,36.6,40.8,0,0
2026-06-16,P997,C,481,Morning,Low,17.0,28.8,53.8,0,0
2026-06-17,P998,B,252,Morning,Low,6.98,36.6,39.4,0,0
2026-06-18,P999,A,231,Morning,Low,9.65,22.3,82.3,0,0
2026-06-19,P1000,A,405,Evening,High,15.09,34.9,45.0,0,0
2026-06-20,P1001,C,243,Night,High,14.37,29.3,80.0,0,0
2026-06-21,P1002,B,238,Morning,Low,18.59,15.3,70.4,0,0
2026-06-22,P1003,A,427,Morning,Low,5.78,28.7,47.3,0,0
2026-06-23,P1004,B,262,Morning,Medium,9.6,23.8,67.3,0,0
2026-06-24,P1005,A,286,Night,Medium,10.01,33.3,54.3,0,0
2026-06-25,P1006,C,402,Evening,Low,6.03,34.6,47.1,0,0
2026-06-26,P1007,B,418,Morning,Medium,11.49,32.1,49.9,0,0
2026-06-27,P1008,A,295,Evening,Medium,5.85,24.3,86.7,0,0
2026-06-28,P1009,B,276,Morning,High,14.63,31.8,67.9,0,0
2026-06-29,P1010,C,325,Night,Medium,7.98,25.5,75.1,0,0
2026-06-30,P1011,B,410,Night,Medium,6.52,21.9,46.6,0,0
2026-07-01,P1012,A,244,Evening,Medium,11.48,39.5,34.1,0,0
2026-07-02,P1013,A,414,Morning,High,12.78,19.5,88.2,0,0
2026-07-03,P1014,C,327,Night,High,6.7,25.1,74.3,0,0
2026-07-04,P1015,A,395,Night,Medium,15.57,25.6,50.8,0,0
2026-07-05,P1016,B,478,Evening,Medium,10.96,21.6,42.3,0,0
2026-07-06,P1017,C,457,Evening,Medium,12.25,21.7,47.2,0,0
2026-07-07,P1018,B,292,Morning,Medium,14.85,39.2,66.2,0,0
2026-07-08,P1019,C,312,Morning,Medium,6.15,16.9,87.1,0,0
2026-07-09,P1020,A,441,Night,Medium,9.46,17.3,65.9,0,0
2026-07-10,P1021,C,319,Morning,Low,14.35,31.2,46.0,0,0
2026-07-11,P1022,A,323,Evening,High,5.23,39.1,45.1,0,0
2026-07-12,P1023,C,228,Morning,High,15.14,32.7,66.6,0,7
2026-07-13,P1024,B,381,Morning,Low,9.69,21.8,65.9,7,0
2026-07-14,P1025,A,362,Night,High,17.99,38.7,36.4,0,0
2026-07-15,P1026,B,214,Night,High,7.32,38.6,74.2,0,0
2026-07-16,P1027,B,490,Night,Low,18.24,20.1,65.3,0,0
2026-07-17,P1028,C,296,Evening,High,15.52,32.0,54.5,0,0
2026-07-18,P1029,B,289,Evening,Low,5.23,29.6,45.2,0,0
2026-07-19,P1030,A,228,Morning,High,11.75,38.9,53.9,0,0
2026-07-20,P1031,A,210,Night,Medium,17.6,19.7,70.3,0,0
2026-07-21,P1032,A,369,Night,Low,19.66,17.5,30.5,0,0
2026-07-22,P1033,A,374,Night,Low,11.5,17.3,74.9,0,0
2026-07-23,P1034,B,230,Morning,Low,18.72,25.9,45.5,0,0
2026-07-24,P1035,C,272,Morning,High,11.52,33.1,30.5,0,0
2026-07-25,P1036,B,237,Evening,High,13.84,30.3,68.3,0,0
2026-07-26,P1037,C,402,Night,Low,8.63,32.9,35.5,0,0
2026-07-27,P1038,B,354,Evening,Low,7.99,36.9,74.3,0,0
2026-07-28,P1039,A,423,Night,Medium,5.21,21.2,42.9,0,0
2026-07-29,P1040,C,362,Morning,High,9.06,21.2,33.8,0,0
2026-07-30,P1041,C,382,Morning,High,11.88,33.3,66.4,0,0
2026-07-31,P1042,C,289,Evening,Medium,15.09,17.0,87.1,0,0
2026-08-01,P1043,C,350,Morning,Low,17.58,35.1,79.4,0,22
2026-08-02,P1044,C,200,Night,High,18.99,28.6,42.0,22,0
2026-08-03,P1045,B,490,Morning,Low,14.25,33.6,74.3,0,0
2026-08-04,P1046,C,362,Night,Low,12.82,16.7,52.3,0,0
2026-08-05,P1047,C,489,Morning,Medium,18.81,29.6,62.3,0,0
2026-08-06,P1048,A,369,Night,Low,9.03,24.2,83.7,0,0
2026-08-07,P1049,A,377,Evening,Low,15.0,34.7,57.3,0,0
2026-08-08,P1050,C,245,Night,High,14.45,21.2,72.3,0,0
2026-08-09,P1051,C,371,Evening,Low,11.41,26.1,69.0,0,0
2026-08-10,P1052,B,307,Morning,High,19.04,16.6,79.5,0,0
2026-08-11,P1053,A,379,Evening,Low,9.39,26.1,31.3,0,0
2026-08-12,P1054,C,200,Morning,Medium,9.52,27.6,33.4,0,0
2026-08-13,P1055,B,414,Morning,Medium,12.37,38.2,36.3,0,0
2026-08-14,P1056,B,393,Evening,High,16.47,25.2,69.3,0,0
2026-08-15,P1057,B,251,Evening,High,8.9,19.0,39.6,0,0
2026-08-16,P1058,C,315,Morning,Medium,6.06,19.6,69.9,0,0
2026-08-17,P1059,A,217,Evening,Low,18.23,35.4,71.1,0,20
2026-08-18,P1060,B,333,Morning,Low,6.66,22.2,48.6,20,0
2026-08-19,P1061,B,287,Evening,Low,8.75,27.9,62.1,0,0
2026-08-20,P1062,C,238,Night,Low,10.35,23.8,79.7,0,0
2026-08-21,P1063,B,447,Night,Low,16.84,22.7,84.8,0,0
2026-08-22,P1064,B,284,Night,Medium,19.29,23.2,51.3,0,0
2026-08-23,P1065,A,227,Morning,Medium,12.58,38.5,82.6,0,0
2026-08-24,P1066,A,297,Evening,High,6.54,24.8,63.2,0,0
2026-08-25,P1067,C,476,Evening,High,12.55,19.8,81.5,0,0
2026-08-26,P1068,B,352,Morning,Low,15.15,35.9,81.5,0,19
2026-08-27,P1069,A,401,Night,High,16.23,26.0,66.6,19,0
2026-08-28,P1070,B,278,Morning,Medium,7.41,31.8,40.8,0,0
2026-08-29,P1071,A,418,Morning,Medium,15.41,20.7,37.1,0,0
2026-08-30,P1072,C,445,Morning,Low,7.48,15.0,73.1,0,0
2026-08-31,P1073,A,305,Morning,High,15.99,27.9,39.7,0,0
2026-09-01,P1074,B,241,Evening,Low,6.25,15.5,39.9,0,0
2026-09-02,P1075,B,403,Evening,Medium,18.36,21.0,51.3,0,0
2026-09-03,P1076,C,335,Morning,High,6.58,20.6,61.2,0,0
2026-09-04,P1077,C,398,Morning,Medium,14.12,21.1,33.5,0,0
2026-09-05,P1078,B,389,Morning,Medium,10.87,20.9,43.2,0,0
2026-09-06,P1079,A,334,Evening,Medium,19.4,30.4,63.4,0,11
2026-09-07,P1080,B,315,Evening,High,11.24,25.7,62.5,11,0
2026-09-08,P1081,A,277,Night,High,15.45,32.6,40.3,0,0
2026-09-09,P1082,A,243,Night,Medium,12.5,25.3,82.2,0,0
2026-09-10,P1083,C,411,Night,Low,14.47,28.3,36.9,0,0
2026-09-11,P1084,C,231,Evening,High,14.08,17.9,50.2,0,0
2026-09-12,P1085,B,474,Night,Medium,7.14,32.3,42.4,0,0
2026-09-13,P1086,C,320,Evening,Medium,10.88,37.4,42.3,0,0
2026-09-14,P1087,A,402,Night,Low,12.62,25.5,31.1,0,0
2026-09-15,P1088,C,492,Night,High,16.89,16.7,58.5,0,0
2026-09-16,P1089,C,275,Morning,Medium,13.41,30.7,71.3,0,0
2026-09-17,P1090,A,285,Morning,Low,8.8,15.2,73.4,0,0
2026-09-18,P1091,A,221,Evening,Low,13.03,35.9,79.3,0,0
2026-09-19,P1092,C,422,Morning,High,17.65,27.1,50.0,0,0
2026-09-20,P1093,A,332,Evening,High,16.87,26.3,41.0,0,0
2026-09-21,P1094,A,244,Evening,High,17.82,37.1,58.0,0,0
2026-09-22,P1095,B,482,Evening,Medium,6.14,24.7,78.2,0,0
2026-09-23,P1096,C,434,Morning,High,18.53,20.1,34.0,0,0
2026-09-24,P1097,C,500,Night,Medium,18.16,24.7,62.5,0,0
2026-09-25,P1098,A,412,Morning,Low,19.52,16.7,68.9,0,0
2026-09-26,P1099,C,498,Morning,Low,6.11,24.4,78.2,0,0
